0.00328,0.00599,0.00032,0.0011,0.00028,0.00034,0.00084,0.00045,0,6E-05,2E-05,0.00013000000000000002,0.00011,0.00209,0.0013800000000000002,0.00244,0.00134,0.00054,0.00034,0.62769,31.46917,0.0006,0.00108,0.01587,0.00013000000000000002,120.80208,1
0.0058200000000000005,0.00574,0.00026000000000000003,0.00047,0.00103,0.00043,0.0009,0.00017,4E-05,0,0,0.00047,9E-05,0.00141,0.00047,0.00206,0.00176,0.0005099999999999999,0.00017,0.40769,34.80952,9E-05,0.00013000000000000002,0.01709,4E-05,134.2069,1
0.0030399999999999997,0.0033799999999999998,0,0.0006799999999999999,0.00025,0.00016,0.0006799999999999999,5.9999999999999995e-05,2.9999999999999997e-05,0,0,0.00047000000000000004,9E-05,0.0006799999999999999,0.00075,0.0022,0.0008699999999999999,0.00025,5.9999999999999995e-05,0.23692,35.94505,0.00018999999999999998,0.00025,0.0199,9E-05,91.75783,0
0.00727,0.0038,0.00013000000000000002,0.00042,0.00033,8E-05,0.00067,4E-05,0,0,0,0.00067,0,0.001,0.00134,0.00209,0.0018,0.00025,8E-05,0.38839,26.5625,0.00033,0.00029,0.01098,0.00037999999999999997,89.68914000000002,0
0.00605,0.0037700000000000003,0,0.00064,0.00043,0.00021,0.00028,7E-05,0,0,0,0.00078,0,0.00078,0.001,0.0014199999999999998,0.00285,0.00021,7E-05,0.19745,29.08333,7E-05,0.0005,0.01075,0.00014,71.32486999999998,0
0.00444,0.00387,0.00061,0.00061,0.0006900000000000001,0.00038,0.00103,0.00027,0,0,0,0.00015,0.00015,0.0008,0.00046,0.00214,0.00065,0.00122,0.00038,0.40833,40.11111,0.00034,0.00031,0.0168,0,192.125,1
0.00217,0.0026,0.00217,0.00043,0.00043,0.00043,0.00043,0.00173,0,0,0,0,0,0.00043,0,0.0073700000000000015,0,0.00173,0,0.61111,36.64706,0,0.0008699999999999999,0.01646,0,128.22222,1
0.00231,0.00678,0.00035,0.00102,0.00035,0.00078,0.00078,0.00063,4E-05,0,0,8E-05,0.00027,0.00125,0.00157,0.004229999999999999,0.0002,0.00067,0.00055,0.6236,32.40223,0.0007099999999999999,0.00106,0.0194,0,139.45355,1
0.00417,0.00883,0.00057,0.0007700000000000001,0.00048,0.0007599999999999999,0.00118,0.00043,1E-05,1E-05,1E-05,5E-05,8E-05,0.0031,0.00218,0.00393,0.00105,0.00067,0.00027,0.71692,29.48374,0.00115,0.00095,0.01817,0,199.41192,1
0.00424,0.00237,0,0.00011,0.00018,0.00014,0.00074,0.00011,4E-05,0,0,0.00014,4E-05,7E-05,0.00057,0.00173,0.00124,0.00042,7E-05,0.32258000000000003,41.61538,0.00025,0.00014,0.019180000000000003,7E-05,149.83069,0
0.0017399999999999998,0.00224,0,0.00058,4E-05,0.00011999999999999999,0.00037,0.00016999999999999999,0,0,0,0.00037,8E-05,0.00045999999999999996,0.00045999999999999996,0.00282,0.0008300000000000001,0.00011999999999999999,4E-05,0.22535,34.38889,8E-05,0.00016999999999999999,0.016380000000000002,0.00011999999999999999,105.30131000000002,0
0.00534,0.00688,0.00033,0.00113,0.0007700000000000001,0.00064,0.0006900000000000001,0.00028,3E-05,3E-05,0,8E-05,0,0.00154,0.00213,0.0030800000000000003,0.00213,0.00041,3E-05,0.37447,28.3252,0.00113,0.00049,0.01474,0,70.69328,1
0.00418,0.006520000000000001,0.00041,0.00092,0.00048,0.00046,0.00041,0.00034,0,5E-05,0,0.00013000000000000002,3E-05,0.00137,0.002,0.00305,0.00275,0.00044,0,0.3,25.75529,0.0007099999999999999,0.0008,0.008709999999999999,4E-05,62.32912,1
0.00036,0.00436,0.00041,0.00046,0,0.00064,0.00057,0.00046,0,9E-05,0,0.00011,0,0.00178,0.00043,0.004220000000000001,0,0.001,0.00011,0.55762,36.38863,0.00023,0.00034,0.01556,0,162.95911,1
0.00585,0.0062,0.0005200000000000001,0.00058,0.00029,0.00075,0.00107,0.00038,0,0,9E-05,0.00026000000000000003,0,0.00249,0.00159,0.00316,0.00098,0.0021100000000000003,0,0.47594,29.90842,0.00049,0.00046,0.01596,0,85.2642,1
0.0015199999999999999,0.00307,2.9999999999999997e-05,0.0003,0.00011999999999999999,0.00043,0.0005200000000000001,0.00045999999999999996,0,0,0,5.9999999999999995e-05,0,0.0005200000000000001,0.00067,0.00234,0.00088,0.00023999999999999998,0,0.38028,32.85321,0.00015,0.0004,0.02002,0.00015,138.11345,0
0.00235,0.00288,0,0.00053,0,0.00022999999999999998,0.00053,0,0,0,0,0.00015,0,0.0003,8E-05,0.00159,0.0016699999999999998,0.0003,0,0.23333,27.394740000000002,0.00022999999999999998,0.00045,0.01183,8E-05,92.8662,0
0.00632,0.0037700000000000003,2.9999999999999997e-05,0.00033999999999999997,0.00023999999999999998,0.00014,0.00082,7E-05,0,0,0,0.00033999999999999997,7E-05,0.0006799999999999999,0.00112,0.00248,0.00295,0.0002,0,0.22191,25.59783,0.00014,0.00033999999999999997,0.01206,0.00014,66.46727,0
0.00222,0.00657,0.00033,0.00103,0.00065,0.0008300000000000001,0.00065,0.00039,0,7E-05,1E-05,0.00015,5E-05,0.00127,0.00194,0.00376,0.00187,0.00075,3E-05,0.42115,25.33529,0.00062,0.00054,0.01436,2E-05,78.53144,1
0.00354,0.01019,0,0.00111,0.00055,0.00022,0.00155,0.00022,0,0,0,0.00011,6E-05,0.0032700000000000003,0.00244,0.00365,0.00266,0.00055,0.00017,0.45833,29.1913,0.00055,0.001,0.0124,0,96.56684,1
0.0046,0.0011,0,0.00074,0,0,0.00018,0.00018,0,0,0,0,0,0.0012900000000000001,0.00055,0.0012900000000000001,0.0011,0,0.00018,0.42423999999999995,49.739129999999996,0.00074,0.00055,0.013630000000000001,0,132.46341,0
0.0059,0.00703,0.00026000000000000003,0.00055,0.00032,0.0007599999999999999,0.00103,0.00026000000000000003,0,0.00011,0,0.00016,0,0.00245,0.002,0.0044,0.00047,0.00161,0.00018,0.78846,34.06818,0.00055,0.00061,0.015119999999999996,3E-05,167.98673,1
0.00367,0.007240000000000002,0.00016,0.0007,0.00031,0.00047,0.00109,0.0008300000000000001,0,0,5E-05,5E-05,0.0001,0.0018,0.00073,0.00463,0.00182,0.00143,0.00049,0.63068,43.79535,0.0008300000000000001,0.00073,0.01502,0,160.74059,1
0.00115,0.00793,0.00057,0.00115,0.00011,0.00149,0.00161,0.0006900000000000001,0,0,0,0,0.00011,0.00322,0.0031,0.00391,0.0008,0.00103,0,0.57353,27.40323,0.00126,0.00126,0.01896,0,114.48684,1
0.01344,0.009640000000000001,2E-05,0.00091,0.00031,0.00031,0.00026000000000000003,0.00015,0.00013000000000000002,0,0,0.00026000000000000003,0.00031,0.00216,0.00232,0.0025399999999999997,0.00542,0.00016,0.00015,0.17539000000000002,21.32751,0.00018,9E-05,0.010209999999999999,0.00015,39.701229999999995,0
0.015269999999999999,0.01055,0,0.0008699999999999999,0.00058,0.00047999999999999996,0.00031,0.00018999999999999998,5E-05,0,2E-05,0.00018999999999999998,0.00036,0.00253,0.00248,0.00337,0.00409,0.00016999999999999999,0.00014,0.26708000000000004,23.42241,0.00033999999999999997,0.00031,0.0125,0,51.20838,0
0.00036,0.0034200000000000003,6E-05,0.00062,0,0.00034,0.00049,0.00038,0,0,0,0.00019,0.00015,0.0011,0.0008900000000000002,0.00337,4E-05,0.00021,6E-05,0.41888,40.18232,0.00034,0.00017,0.015280000000000004,0,138.19355,1
0.01185,0.01218,5E-05,0.00074,0.00047000000000000004,0.0004,0.0009699999999999999,0.00025,2E-05,0,0,0.00037,0.00022,0.0019100000000000002,0.00243,0.0029,0.00796,0.0003,0,0.16059,25.08434,0.00035,5E-05,0.009770000000000001,0.00042,37.68411,0
0.00506,0.00686,0.0005,0.00158,0.00093,0.00065,0.00122,0.00022,0,0,0,0.00029,0,0.00183,0.00176,0.00316,0.00183,0.00057,0,0.41813,26.39487,0.00086,0.00065,0.01411,0,70.8626,1
0.00139,0.00249,0,0.00115,0.00014,0.00018999999999999998,0.0013599999999999999,0.00018999999999999998,0,0,0,0.00026000000000000003,5E-05,0.0011300000000000001,0.0008,0.00315,0.00186,0.00018999999999999998,0.00021,0.53476,31.05143,0.00026000000000000003,0.0004,0.013130000000000001,5E-05,160.06015,0
0.00172,0.00499,6E-05,0.00136,0,0.0014,0.00065,0.00039,4E-05,1E-05,1E-05,0.0001,3E-05,0.00036,0.0008,0.00489,0.00018,2E-05,0.00055,0.5081600000000001,32.42171,0.00029,4E-05,0.0159,0,132.21466999999998,1
0.006809999999999999,0.00873,0.00014,0.0014,0.00039,0.00033,0.00081,0.00047,0,2E-05,0,2E-05,8E-05,0.0018,0.00242,0.00427,0.00204,0.00136,0.00033,0.55806,33.23529,0.0005200000000000001,0.00122,0.013069999999999998,4E-05,127.64109,1
0.00345,0.00364,0,0.0007700000000000001,0.00015,0.00031,0.0008,0.00037999999999999997,0,0,0,0.00033999999999999997,0.00011,0.00022999999999999998,0.0009199999999999999,0.00303,0.00214,0.00022999999999999998,4E-05,0.25381,29.475409999999997,0.00022999999999999998,0.00022999999999999998,0.01876,0.00011,104.03586,0
0.00282,0.00747,0.00015,0.00059,0.00035,0.0003,0.00104,0.00084,0,5E-05,5E-05,5E-05,0,0.00158,0.00129,0.00396,0.0016300000000000002,0.00198,0.00025,0.55085,38.31707,0.00049,0.0008900000000000002,0.01251,5E-05,135.75168,1
0.00296,0.0038299999999999996,2.9999999999999997e-05,0.00033,0.00023999999999999998,0.00023999999999999998,0.00041,0.00014,0,0,0,0.0003,0,0.00062,0.0007599999999999999,0.0017699999999999999,0.00359,2.9999999999999997e-05,0,0.27273000000000003,32.51923,0.00037999999999999997,0.00035,0.0125,0.00037999999999999997,88.7012,0
0.00034,0.00361,0.0008,0.00098,4E-05,0.0005,0.0004,0.00028,0,4E-05,0,0.0002,2E-05,0.00191,0.00046,0.00349,8E-05,0.0005200000000000001,4E-05,0.54167,34.62222,0.00046,0.00058,0.01251,2E-05,204.14344,1
0.0009400000000000001,0.00349,0,0.00037,5.9999999999999995e-05,0.00045,0.00091,0.00016999999999999999,0,0,0,0.00028,2.9999999999999997e-05,0.00033999999999999997,0.00033999999999999997,0.00173,0.00047999999999999996,0.00016999999999999999,9E-05,0.19632,35.65116,0.00028,0.00028,0.01881,0.00011,198.88701,0
0.00521,0.0056,0.00039,0.0005,0.00028,0.0005,0.00126,0.0005,0,3E-05,3E-05,8E-05,8E-05,0.0025800000000000003,0.00132,0.00331,0.00106,0.00171,3E-05,0.4415600000000001,28.64542,0.00059,0.00092,0.01535,3E-05,84.77435,1
0.00626,0.00759,0.00047,0.0008699999999999999,0.00116,0.00116,0.00093,0.0005,0,3E-05,7E-05,0.00023,0,0.00153,0.0023,0.00293,0.0022600000000000003,0.0006,7E-05,0.35616,26.1393,0.0007,0.00037,0.01258,0.0001,69.40647,1
0.006840000000000001,0.00455,0,0.0003,0.00026000000000000003,7E-05,0.00063,0.00022,0,0,0,0.00055,4E-05,0.0016600000000000002,0.00137,0.0021100000000000003,0.00133,0.00037,0,0.33594,22.84956,0.0003,0.0003,0.01553,7E-05,92.27645,0
0.00274,0.0037,0,0.00067,0,0.0003,0.0007,0.00018999999999999998,0,0,0,0.00018999999999999998,7E-05,0.0007,0.00041,0.00303,0.00026000000000000003,0.00018999999999999998,0,0.22466999999999998,38.87879,0.00011,0.00022,0.01924,0.00033,115.48718000000001,0
0.00256,0.00299,0,0.00023999999999999998,0.00011999999999999999,0.00028,0.0007599999999999999,2E-05,0,0,0,0.00018999999999999998,0.00011999999999999999,0.00033,0.00078,0.00197,0.0016600000000000002,0.00026000000000000003,2E-05,0.265,41.441559999999996,0.00021,0.00033,0.020730000000000002,0.00021,156.16296,0
0.0017,0.00268,0,0.00031,0,0.00013000000000000002,0.0004,0.00027,0,0,0,0.00036,0.00013000000000000002,0.00085,0.00049,0.0030399999999999997,0.00121,9E-05,0,0.21505,39.28889,0.00054,0.00018,0.01524,0.00018,108.07246,0
0.00048,0.00464,0.00019,0.00062,2E-05,0.00041,0.00041,0.0005200000000000001,7E-05,0.00024,0,0.00011,7E-05,0.00186,0.00199,0.00363,0,0.00043,0.00011,0.41463,28.96831,0.0005,0.00067,0.01649,0,99.91434,1
0.01633,0.00924,0.00011,0.00078,0.00025,0.00031,0.00025,0.00031,4E-05,0,0,0.00036,0.00058,0.00244,0.00195,0.00248,0.00716,0.00045,0.00018,0.20781999999999998,21.07907,0.00016,0.00013000000000000002,0.01047,9E-05,39.71137,0
0.0014199999999999998,0.0018,4E-05,0.00037999999999999997,0,0.00021,0.0007099999999999999,4E-05,4E-05,0,0,0.0007099999999999999,8E-05,0.00029,0.00063,0.00176,0.00033999999999999997,0.00021,4E-05,0.33654,37.8022,0.00016999999999999999,0.00021,0.00968,4E-05,110.5,0
0.00144,0.0015400000000000001,0,0.00039,2.9999999999999997e-05,0.0001,0.00022999999999999998,0.0002,0,0,0,0.0005200000000000001,0,0.00045999999999999996,0.00036,0.0033399999999999997,0.00062,2.9999999999999997e-05,2.9999999999999997e-05,0.14925,38.06818,0.0001,0.0001,0.017480000000000002,0.00016,107.38731999999999,0
0.008620000000000001,0.00854,0.00018,0.0007,0.00048,0.00042,0.00088,0.00059,0,2E-05,3E-05,2E-05,0.00018,0.00184,0.00248,0.003820000000000001,0.0021100000000000003,0.0014199999999999998,0.00019,0.6194,31.67562,0.00061,0.00074,0.0149,2E-05,122.1875,1
0.00102,0.00526,0.00024,0.00059,0.00035,0.0004,0.00121,0.00038,0,0,0,8E-05,0,0.0015,0.0014,0.00604,0.00169,0.0003,3E-05,0.41892,32.73973,0.00054,0.0005099999999999999,0.0174,0,103.73538,1
0.00405,0.01006,0.00013000000000000002,0.00111,0.0004,0.00027,0.00093,0.00049,0,0,4E-05,9E-05,4E-05,0.00205,0.00267,0.00267,0.00223,0.00102,0.00018,0.47283,30.1831,0.00045,0.00053,0.01344,9E-05,97.66522,1
0.00036,0.0061,5E-05,0.00194,0,0.00045,0.00041,0.00054,5E-05,0,0,5E-05,0.00014,0.00118,0.00041,0.00466,0,0.00041,5E-05,0.6611600000000001,40.99275,0.00054,0.00104,0.01347,0,182.80165,1
0.00244,0.00481,0.00074,0.00105,0.00048,0.00031,0.00084,0.00012,0,0,0,0.00024,7E-05,0.00108,0.00031,0.00287,0.00038,0.00096,0.00022,0.42564,44.01724,0.0001,0.00019,0.015,2E-05,197.22642,1
0.01669,0.005379999999999999,0,0.00032,0.0004,0.00024,0.00048,0.00024,0,0,8E-05,0,0,0.00345,0.00433,0.00241,0.00096,0.00241,8E-05,0.44737,30.52475,0.00056,0.0004,0.015330000000000003,0.00016,75.96951,1
0.01381,0.00952,2E-05,0.00066,0.00063,0.00029,0.00013000000000000002,0.00013000000000000002,7E-05,0,0,0.00056,0.0003,0.0024,0.0026,0.00244,0.0060799999999999995,0.00029,5E-05,0.1938,24.4549,0.0002,0.00022,0.0101,0.00013000000000000002,40.85495,0
0.00023,0.0030800000000000003,0.00019,0.0008699999999999999,0,0.00049,0.00054,0.00038,0,2E-05,0,0.00035,0.00014,0.00113,0.00064,0.00364,0.0001,0.00026000000000000003,7E-05,0.48677,39.344,0.00021,9E-05,0.01641,0,149.61719,1
0.0016600000000000002,0.00055,0,0,0,0.00055,0,0.00055,0,0,0,0,0,0.00055,0.0011099999999999999,0.0011099999999999999,0,0,0,0.41667,45.71429000000001,0,0,0.0238,0.00055,150.58333000000005,0
8E-05,0.00468,0,8E-05,0,0.00016,0.00028,0.0004,0,0,4E-05,4E-05,0,0.0008900000000000002,0.00145,0.00464,0,0.00032,4E-05,0.47159,33.96183,0.00056,0.00048,0.01464,0,140.85795,1
0.00514,0.00656,0.00013000000000000002,0.00057,0.00065,0.00027,0.00103,0.00082,0,3E-05,0,7E-05,3E-05,0.0017399999999999998,0.00207,0.00322,0.00154,0.00165,0.00025,0.49153,35.70058,0.0007700000000000001,0.00057,0.014,0,120.33534,1
0.00023,0.00463,0.00061,0.00078,0,0.00046,0.00061,0.00035,0,3E-05,0,0.00015,0,0.00238,0.0006799999999999999,0.0034100000000000003,0,0.0005099999999999999,0.00018,0.66667,32.06186,0.00038,0.00066,0.01204,0,223.41243,1
0.00487,0.00595,0.00063,0.00041,0.0007700000000000001,0.00081,0.00072,0.00054,0,0,0,5E-05,0.00014,0.0009,0.00176,0.00446,0.00104,0.0006799999999999999,0.00086,0.5029899999999999,31.35537,0.00054,0.00041,0.0164,5E-05,116.22513,1
0.00322,0.0035700000000000007,0,0.00028,0.00018,0.00011,0.00025,7E-05,0,0,0,4E-05,7E-05,0.0006,0.00078,0.00343,0.00074,7E-05,0,0.32975,29.377190000000002,0.00018,7E-05,0.01259,7E-05,94.29,0
0.00013000000000000002,0.00272,0.0008,0.00146,0,0.00066,0.00053,0.0006,0,0,0,0,7E-05,0.00153,0.00046,0.00545,0,0.00093,0.00033,0.44444,41.92308,0.0004,0.0006,0.0168,0,185.87654,1
0.00242,0.0031100000000000004,0,0.00086,0.0002,0.00016999999999999999,0.0007,0.00013000000000000002,0,0,0,0.00016999999999999999,7E-05,0.00016999999999999999,0.0002,0.00288,0.00119,0.00016999999999999999,0.0001,0.28452,37.13793,0.00016999999999999999,0.00026000000000000003,0.01811,0.0003,109.80726999999999,0
0.00474,0.0036200000000000004,2E-05,0.00026000000000000003,0.00026000000000000003,0.00018,0.00082,5E-05,0,2.9999999999999997e-05,0,0.00035,5E-05,0.00067,0.0010400000000000001,0.00217,0.00418,2E-05,7E-05,0.23881,30.971429999999998,0.0007599999999999999,0.00031,0.01086,0.00043,84.19668,0
0.00139,0.00659,0.00084,0.00061,0.00043,0.00137,0.00043,0.00073,0,0,0,0.00012,0.00014,0.00125,0.00074,0.004370000000000001,0.00041,0.00043,0.0007099999999999999,0.54872,34.308609999999994,0.0006900000000000001,0.00055,0.01893,4E-05,125.67734,1
0.00402,0.00834,0.00095,0.0008300000000000001,0.00057,0.00034,0.00121,0.0004,0,3E-05,2E-05,7E-05,0.0001,0.00182,0.0021,0.00427,0.00115,0.00095,0.00048,0.80921,32.434490000000004,0.00108,0.0007599999999999999,0.0189,1E-05,250.32927,1
0.00145,0.00195,0,0.00031,0,0,8E-05,0.00011,0,0,0,0.00031,8E-05,0.00027,0.00033999999999999997,0.00237,0.0005,0.00018999999999999998,0,0.19397,42.60714,0.00015,0.00015,0.01619,4E-05,107.10246000000001,0
0.0040100000000000005,0.00644,0.00014,0.00119,0.0008300000000000001,0.00033,0.00086,0.00043,3E-05,2E-05,0,2E-05,5E-05,0.00137,0.00199,0.00377,0.00282,0.00156,0.00021,0.4664,31.05497,0.00054,0.00091,0.01147,0.0001,96.26493,1
0.00028,0.00485,0.00014,0.00032,0.0001,0.0006799999999999999,0.00024,0.00054,2E-05,4E-05,0,0.00034,8E-05,0.00195,0.0016699999999999998,0.0027600000000000003,2E-05,0.00121,0.00012,0.5724600000000001,29.308640000000004,0.00075,0.0008699999999999999,0.01885,0,112.65772,1
0.00016,0.00277,0.0006799999999999999,0.00172,2E-05,0.00036,0.0005,0.00024,6E-05,0,0,8E-05,0.00012,0.00198,0.00046,0.00475,0.0001,0.00088,0.00026000000000000003,0.44554,40.77957,0.00036,0.00038,0.017159999999999998,0,161.98701,1
0.0026,0.0018,0,0.0008,4E-05,8E-05,0.00036,0.00016,0,0,0,0.00023999999999999998,4E-05,0.00056,0.00044,0.00224,0.00148,0.00016,4E-05,0.33333,47.75342,0.00016,0.00032,0.01374,8E-05,131.74737,0
0.0002,0.00421,4E-05,0.00016,0,0.00055,0.00035,0.00066,0,0,4E-05,4E-05,0,0.00039,0.00133,0.00503,0,0.0002,8E-05,0.44615,40.61364,0.00047,0.00039,0.01299,0,131.46154,1
0.0042,0.00707,0.00024,0.00097,0.0006799999999999999,0.00042,0.00058,0.0004,2E-05,0,3E-05,0.00042,2E-05,0.00162,0.00192,0.00349,0.00288,0.00034,0,0.30489,28.39222,0.00037,0.00092,0.00912,2E-05,63.43077,1
0.00019,0.00335,0.00081,0.00074,0,0.00043,0.00036,0.0005,0,2E-05,2E-05,0.00019,2E-05,0.002,0.00045,0.00324,0,0.00081,0.00017,0.5544,30.47059,0.0005,0.00036,0.01156,0,217.81865,1
0.01349,0.00976,0.00017,0.00098,0.00022,0.00017,0.00123,0.00032,0,2E-05,2E-05,3E-05,0.00027,0.00377,0.00196,0.0051,2E-05,0.0026,0.00014,0.5563100000000001,33.95879,0.00035,0.00084,0.016280000000000003,0,133.08764,1
0.013909999999999999,0.00854,0,0.00072,0.00016,0.0005200000000000001,0.00029,0.0002,7E-05,0,2.9999999999999997e-05,0.00029,0.00043,0.00229,0.00193,0.0027199999999999998,0.0050100000000000006,0.00016,7E-05,0.18149,22.83333,0.00022999999999999998,2.9999999999999997e-05,0.010209999999999999,0.00016,42.96062,0
0.008329999999999999,0.00297,0,0.00056,0.0005099999999999999,0.0001,0.00045999999999999996,0.00015,0,0,0,0.00031,0,0.00082,0.0015300000000000001,0.0016899999999999999,0.00215,0.0001,0.0002,0.2439,25.782610000000002,5E-05,0.00041,0.01273,0.00031,68.15679,0
0.00245,0.00146,0,0.001,0,0.00045999999999999996,0.00054,0.00037999999999999997,0,0,0,8E-05,8E-05,0.00045999999999999996,0,0.0016899999999999999,0.00146,0.00022999999999999998,0,0.27174,41.113209999999995,0.00031,0,0.01425,0,117.55856000000001,0
0.00121,0.00624,0.00098,0.00058,8E-05,0.00102,0.00075,0.0007099999999999999,3E-05,2E-05,1E-05,9E-05,4E-05,0.00278,0.00146,0.0038,0.00106,0.00073,0.00013000000000000002,0.5755399999999999,30.17009,0.00075,0.0008300000000000001,0.01831,3E-05,122.95586000000002,1
0.0040100000000000005,0.0092,0.00062,0.00107,0,0.0005099999999999999,0.00102,0.00079,0,0,0,0,0,0.00107,0.00181,0.00412,0.00152,0.00181,0.0006799999999999999,0.69231,43.00901,0.00079,0.0013,0.01665,6E-05,151.46154,1
0.0004,0.00415,0,0.00019,3E-05,0.00046,0.00019,0.00022,0,3E-05,3E-05,5E-05,5E-05,0.00108,0.00124,0.00564,3E-05,0.00024,3E-05,0.5414800000000001,38.74332,0.00084,0.00073,0.01729,0,161.23478,1
0.0035700000000000007,0.007559999999999998,0.00044,0.00128,0.00062,0.00082,0.0006,0.00058,0,0,0,0.0001,8E-05,0.00144,0.00186,0.00321,0.002,0.00084,0,0.3888,26.10448,0.0008,0.00044,0.01468,8E-05,70.89675,1
0.00125,0.00214,0,0.0005200000000000001,4E-05,0.00032,0.00044,0.00011999999999999999,0,0,0,0.0004,0,0.00028,0.00036,0.0031,0.00056,0.00028,0,0.20101,48.13333,0.00011999999999999999,0.00016,0.014509999999999999,0.00011999999999999999,118.16667,0
0.0078,0.00866,0.0004,0.00103,0.00057,0.00103,0.00109,0.00075,0,6E-05,0,6E-05,0.00017,0.00218,0.00264,0.00373,0.00287,0.00126,6E-05,0.57639,27.38849,0.00029,0.00126,0.01136,0,91.76842,1
0.00317,0.00812,0.00047,0.00205,0.00019,0.00112,0.00121,0.00028,0,0.00019,0,0,9E-05,0.00149,0.0028,0.00392,0.00196,0.00056,0,0.56579,31.22535,0.00103,9E-05,0.01409,0,110.46392,1
0.00265,0.00663,0.00072,0.00061,0.00049,0.00057,0.00034,0.00038,4E-05,0,0,0.00011,0.00019,0.0011,0.0008,0.00428,0.0007599999999999999,0.00091,0.0008300000000000001,0.50888,35.89706,0.00053,0.00072,0.01969,4E-05,142,1
0.00278,0.00236,0,0.00058,0,0.0001,0.00047000000000000004,0.0001,0,0,0,0.00031,0,0.0006799999999999999,0.00131,0.00173,0.00252,0.00016,0,0.21111,28.35417,0.00016,0.00026000000000000003,0.0139,0.00016,83.59210999999998,0
0.004520000000000001,0.00547,4E-05,0.00054,0.00025,0.00025,0.00021,4E-05,0,0,0,0.00021,0.00016999999999999999,0.0008699999999999999,0.00162,0.00207,0.00585,8E-05,8E-05,0.2,31.70588,0.00021,0.00054,0.01406,0.00041,75.35938,0
0.00112,0.00747,0.00088,0.00095,9E-05,0.0007700000000000001,0.00103,0.00057,3E-05,5E-05,0,0.00014,0.00011,0.00214,0.0016699999999999998,0.00373,0.00074,0.00067,0.00013000000000000002,0.6028399999999999,29.21207,0.00092,0.0006799999999999999,0.01908,0,128.22061000000002,1
0.00297,0.0017699999999999999,0,0.00063,0.0002,7E-05,0.00033,0,0,0,0,0.0004,0,0.0004,0.0008,0.00207,0.0015,2.9999999999999997e-05,2.9999999999999997e-05,0.22939,26.658540000000002,0.0002,0.00022999999999999998,0.014190000000000001,0.0002,92.45679,0
0.01378,0.010759999999999999,7E-05,0.00108,0.0005200000000000001,0.00045,0.00025,0.00037999999999999997,0.00011999999999999999,0,0,0.00047999999999999996,0.00057,0.00225,0.00262,0.0029,0.00528,0.00015,0.00011999999999999999,0.19643,22.210910000000002,0.00028,0.0001,0.011729999999999999,0.0001,43.488409999999995,0
0.00762,0.0033399999999999997,0,0.00022999999999999998,0.00022999999999999998,8E-05,0.00054,0.00054,0,0,0,0.00022999999999999998,0,0.00101,0.0019399999999999999,0.00179,0.00202,0.00031,8E-05,0.26056,25.94118,0.00039,0.00062,0.01407,8E-05,76.54762,0
0.0011,0.0066,0.00059,0.00123,0.0005099999999999999,0.00063,0.00085,0.00063,0,0,0,0.00021,0,0.0014,0.00114,0.00419,0.00072,0.00093,0.00038,0.5125,33.81061,0.00047,0.00093,0.01811,0,134.30114,1
0.00393,0.007120000000000001,0.00044,0.00136,0.0005099999999999999,0.0008,0.00103,0.00036,0,3E-05,5E-05,0.00033,3E-05,0.00103,0.00116,0.00321,0.00141,0.00093,3E-05,0.53595,30.51394,0.00064,0.00028,0.01227,8E-05,107.7313,1
0.0049700000000000005,0.00249,7E-05,0.00053,0.00018,0.00013000000000000002,0.00028,0.00039,0,0,0,0.00039,4E-05,0.00158,0.00274,0.00195,0.0019,9E-05,0.00042,0.42441999999999996,29.61753,0.00044,0.00031,0.0168,4E-05,121.72197,0
0.0019,0.00285,0,0.00018,7E-05,0.00025,0.0006,7E-05,0,0,0,0.00039,0.00014,0.0006,0.00042,0.00268,0.0013,4E-05,4E-05,0.26852,40.6,0.00018,0.00014,0.01948,0.00032,199.88028,0
0.00123,0.00715,0.00032,0.00065,0.00036,0.00079,0.00086,0.00049,4E-05,2E-05,0,6E-05,6E-05,0.00116,0.0011,0.00372,0.00041,0.00092,0.00065,0.55807,34.35244,0.00099,0.00062,0.01925,0,144.05391,1
0.00019,0.00797,0.00042,0.00085,0.00035,0.00181,0.0007099999999999999,0.00073,0,2E-05,2E-05,7E-05,5E-05,0.0011,0.00303,0.00414,7E-05,0.00066,0.00012,0.59355,28.66343,0.00148,0.00075,0.01885,0,135.91054,1
0.00594,0.007890000000000001,0.00014,0.00149,0.00046,5E-05,0.00084,0.0006,5E-05,5E-05,5E-05,5E-05,9E-05,0.00139,0.00116,0.00371,0.00218,0.00149,0.00019,0.53595,35.78947,0.00037,0.00139,0.01421,9E-05,110.46154,1
0.00249,0.0073700000000000015,0.00027,0.00095,0,0.00023,0.0006799999999999999,0.00045,0,0,0,5E-05,9E-05,0.0014,0.00136,0.00339,0.00262,0.00158,0.00018,0.4350600000000001,35.7767,0.0005,0.00081,0.01484,5E-05,107.32039,1
0.00256,0.00379,0.00078,0.00094,0.00045,0.00062,0.00065,0.0001,3E-05,0,0,0.00019,0.00013000000000000002,0.00055,0.00026000000000000003,0.00272,0.00045,0.00091,0.0001,0.40385,43.71111,0.00023,0.00013000000000000002,0.01523,3E-05,181.57647,1
0.0034,0.00246,2.9999999999999997e-05,0.00056,0.00036,0.00022999999999999998,0.00066,0.00013000000000000002,0,0,0,0.00022999999999999998,2.9999999999999997e-05,0.0005099999999999999,0.00066,0.00193,0.00282,2.9999999999999997e-05,5E-05,0.22560999999999998,32.89,0.0005099999999999999,0.00028,0.0118,0.00043,89.7631,0
0.00228,0.00292,0,0.00022,0.00015,0.00015,0.00045,0.00011,0,0,0,0.00022,0.00011,0.00033999999999999997,0.00075,0.00213,0.00123,0.00018999999999999998,4E-05,0.31731,43.24,0.00037,0.00015,0.01574,0.00015,202.59091,0
0.00218,0.00329,4E-05,0.00044,4E-05,0.00036,0.00095,0.0002,0,0,0,0.00032,8E-05,0.0008300000000000001,0.0002,0.00202,0.00067,8E-05,0,0.18367,45.53846,0.00011999999999999999,0.00028,0.02072,0.00023999999999999998,96.33969,0
0.00041,0.0049700000000000005,0,0.00029,0,0.00057,0.00016,0.00041,0,3E-05,0,3E-05,3E-05,0.00067,0.00115,0.00519,3E-05,0.00061,3E-05,0.43578,39.90541,0.0007,0.00105,0.01506,0,143.39726000000005,1
0.00234,0.0041600000000000005,0.0001,0.00055,0.0001,0.00014,0.00062,0.00031,0,0,0,0.00014,2.9999999999999997e-05,0.0008900000000000002,0.0006900000000000001,0.0030600000000000002,0.00037999999999999997,0.00023999999999999998,2.9999999999999997e-05,0.28413,29.56842,0.00037999999999999997,0.00021,0.01792,7E-05,103.48399,0
0.00266,0.00216,0,0.00059,2E-05,0.0002,0.00047999999999999996,0.00016,0,0,0,0.00018999999999999998,8E-05,0.00041,0.00055,0.0025800000000000003,0.00137,0.00016,9E-05,0.23423000000000002,36.47429,0.00028,0.00022999999999999998,0.013030000000000002,0.00016,99.53344,0
0.00242,0.00294,4E-05,0.00105,0.00042,0.00049,0.00035,4E-05,0,0,0,7E-05,0,0.00045999999999999996,0.00109,0.0027,0.00053,0.00018,4E-05,0.27174,38.48889000000001,0.00011,0.00011,0.01259,4E-05,98.02749,0
0.00037,0.00297,0.00027,0.0008300000000000001,4E-05,0.00074,0.00055,0.00061,0,1E-05,3E-05,0.00018,4E-05,0.00139,0.00081,0.0040100000000000005,0.00043,0.00033,4E-05,0.42827,37.61569,0.0004,0.00022,0.01475,1E-05,133.06496,1
0.01111,0.00702,0.00042,0.0008699999999999999,0.0001,0.00027,0.00084,0.00072,0,0,2E-05,0,7E-05,0.0028,0.00149,0.00504,0.00012,0.00129,0.0001,0.785,31.46064,0.00057,0.00079,0.01595,0,196.61463,1
0.00143,0.00973,0.00064,0.00037,3E-05,0.00162,0.00056,0.00085,3E-05,0,0,0.00011,0,0.0027600000000000003,0.00196,0.00528,0.00021,0.00013000000000000002,3E-05,0.62422,30.42894,0.00109,0.00114,0.01557,0,113.91239,1
0.0007599999999999999,0.00336,0.00048,0.00048,0,0.00033,0.00036,0.00036,0,0,0,0.00054,6E-05,0.0016600000000000002,0.00036,0.00375,0.00012,0.001,6E-05,0.56757,31.62595,0.00045,0.0007,0.0124,0,217.49342,1
0.00108,0.00234,2.9999999999999997e-05,0.00079,8E-05,0.00033999999999999997,0.00082,0.00013000000000000002,0,0,0,0.00047000000000000004,8E-05,0.00079,0.00084,0.00366,0.001,0.00016,0.00033999999999999997,0.5034,40.75862,0.00045,0.00023999999999999998,0.013319999999999999,5E-05,205.35676,0
0.00074,0.00956,0.00085,0.00109,5E-05,0.0007599999999999999,0.00128,0.00042,0,1E-05,2E-05,5E-05,1E-05,0.0017399999999999998,0.00249,0.00657,0.00033,0.00044,5E-05,0.64,28.71028,0.0007700000000000001,0.00092,0.016030000000000003,0,148.33383999999995,1
0.00886,0.0046700000000000005,0,8E-05,0.00047000000000000004,0.00023999999999999998,0.00055,0,0,0,0,0.00047000000000000004,0,0.00055,0.00324,0.00158,0.00419,8E-05,0.00016,0.27119,23.61667000000001,0.00023999999999999998,0.0008699999999999999,0.01005,0.00016,54.94783,0
0,0.00239,0.00044,0.00196,0,0.00033,0.00044,0.0007599999999999999,0.00011,0,0,0.00022,0.00022,0.00196,0.00065,0.00479,0,0.0016300000000000002,0.00011,0.5283,37.37209,0.00022,0.00033,0.01938,0,173.32075,1
0.01292,0.01215,2.9999999999999997e-05,0.00126,0.00018999999999999998,0.00074,0.0008,0.00055,0.00011,5E-05,0,0.00033,0.0003,0.0034,0.00214,0.00367,0.00507,0.00011,2.9999999999999997e-05,0.29389,27.2,0.00027,0.00011,0.01185,0.00018999999999999998,51.21208,0
0.00425,0.0035700000000000007,0,0.0009599999999999999,0.00016999999999999999,0.00074,0.0014199999999999998,0.00011,0,0,0,0,0.00016999999999999999,0.0004,0.00016999999999999999,0.00295,0.0017,0.00022999999999999998,0.00016999999999999999,0.13965999999999998,27.645159999999997,0.00016999999999999999,0.00016999999999999999,0.019540000000000002,0.00016999999999999999,84.87980999999998,0
0.00041,0.00412,0.00054,0.00088,0,0.00063,0.0003,0.00028,0,9E-05,0,0.00028,9E-05,0.00222,0.0005200000000000001,0.0036,4E-05,0.00058,4E-05,0.52823,31.8806,0.0006,0.00063,0.01377,0,185.564,1
0.00238,0.0071,0,0.00115,0.00017,0.00047,0.00059,0.00034,4E-05,0,0,4E-05,4E-05,0.00161,0.002,0.00344,0.00259,0.00183,0.00038,0.51351,32.28302,0.00119,0.0008900000000000002,0.01326,4E-05,100.14894,1
0.00018,0.00253,0.0004,0.00178,0,0.00027,0.00067,0.00027,9E-05,0,0,0.00018,0.00013000000000000002,0.00173,0.0004,0.00475,4E-05,0.00124,0.00013000000000000002,0.54745,39.83636,9E-05,0.0004,0.01656,0,163.23913000000005,1
0.00058,0.00334,0.00016,0.0008699999999999999,2E-05,0.0004,0.00056,0.00044,2E-05,0,4E-05,0.00028,0.00014,0.00121,0.00095,0.00286,0.00054,0.0002,8E-05,0.47175,41.81481,0.00062,0.00018,0.01586,0,132.06037,1
0.0019,0.0069900000000000006,0.00095,0.0008300000000000001,0.00011,0.00121,0.00078,0.00116,1E-05,2E-05,1E-05,0.00011,4E-05,0.00442,0.00152,0.0039,0.00132,0.00065,0.00016,0.53133,28.33567,0.00078,0.0008900000000000002,0.02035,5E-05,108.68672,1
0.01291,0.00555,8E-05,0.00082,0.00042,0.00034,0.00048,0.00025,8E-05,3E-05,8E-05,8E-05,0.00017,0.00252,0.00207,0.00419,0.0006799999999999999,0.00161,3E-05,0.54985,34.15101,0.00065,0.00119,0.01313,0,99.79944,1
0.00036,0.00429,0.00088,0.00066,2E-05,0.0005099999999999999,0.00021,0.0006,0,2E-05,0,0.00017,2E-05,0.00202,0.0005099999999999999,0.00395,4E-05,0.00039,0.00021,0.61132,34.46091,0.00024,0.00058,0.01244,0,199.94757,1
0.00395,0.00691,0,0.00099,0.00012,0.00025,0.00074,0,0.00012,0,0,0.00012,0,0.0016,0.0016,0.00173,0.00235,0.00222,0.00025,0.61017,34.22222,0.00025,0.00037,0.01296,0.00012,109.48649,1
0.005,0.00463,5E-05,0.0006,0.0005099999999999999,0.00022999999999999998,0.00074,0,0,0,0,0.00032,9E-05,0.00116,0.0013,0.00199,0.0046700000000000005,5E-05,9E-05,0.33333,30.061729999999997,0.00018999999999999998,0.00014,0.01245,0,94.37555,0
0.00024,0.00676,9E-05,0.00223,0,0.00042,0.00054,0.0006,6E-05,0,0,3E-05,3E-05,0.00149,0.0007700000000000001,0.00527,3E-05,0.00045,9E-05,0.51261,40.47895,0.00024,0.0006,0.01387,0,140.57741,1
0.0009,0.0021100000000000003,0,0.00047000000000000004,0,8E-05,0.00022999999999999998,0.00016,0,0,0,0.00031,0,0.00047000000000000004,0.00035,0.00286,0.00043,0.00016,8E-05,0.16901,36.69048,0.00031,0.0002,0.01623,0.0002,115.14865,0
0.00047,0.00394,0.00033,0.00044,9E-05,0.00035,0.00047,0.00044,0.00016,0.00015,2E-05,0.00031,0.00013000000000000002,0.00205,0.002,0.00298,9E-05,0.00064,0.00011,0.53125,32.73874,0.00129,0.00073,0.016630000000000002,0,125.59589,1
0.00494,0.00618,5E-05,0.00045,0.0006,0.00015,0.00065,0.00035,0,0,0,0,0.00025,0.001,0.00204,0.00409,0.00239,0.00135,0.00025,0.58772,32.8843,0.0008,0.00095,0.01301,0,140.25874,1
0.0028399999999999996,0.0036,0,0.0008699999999999999,0.00011,0.00042,0.0009,5.9999999999999995e-05,0,0,0,0.00016999999999999999,0,0.00079,0.00025,0.00282,0.0011300000000000001,0.00011,0.0002,0.22348,38.068490000000004,0.00011,0.00031,0.018330000000000003,0.00016999999999999999,117.60265,0
0.00013000000000000002,0.0044,0,0.00046,0,0.00024,0.00019,0.00027,3E-05,0,3E-05,5E-05,5E-05,0.00054,0.00116,0.00569,0,0.00057,5E-05,0.55833,37.18779,0.00078,0.0008900000000000002,0.01352,0,154.44583,1
0.00013000000000000002,0.008,0.0006900000000000001,0.00043,6E-05,0.0005099999999999999,0.00058,0.00124,0,2E-05,6E-05,0.00011,2E-05,0.00088,0.0029100000000000003,0.00456,0,0.00042,6E-05,0.52075,29.044690000000006,0.00328,0.00042,0.01891,0,129.12863000000002,1
0.00265,0.00359,0,0.0007,0.0001,0.00022999999999999998,0.0009699999999999999,2.9999999999999997e-05,0,0,0,0.00016999999999999999,2.9999999999999997e-05,0.0004,0.0009699999999999999,0.00282,0.00121,0.00027,2.9999999999999997e-05,0.24675,30.485709999999997,0.00016999999999999999,0.0002,0.020319999999999998,0.00016999999999999999,111.28358,0
0.00042,0.00575,0.00021,0.00168,0.00023,0.00017,0.00054,0.00059,3E-05,0,2E-05,3E-05,7E-05,0.0011,0.00065,0.00283,0.00054,0.00093,9E-05,0.57101,40.13793,0.00056,0.00084,0.01267,3E-05,152.61333,1
0.00461,0.00518,0.0002,0.00072,0.00017,0.00092,0.00101,0.0005200000000000001,6E-05,3E-05,0,0.00014,9E-05,0.00228,0.00153,0.00317,0.00043,0.00153,0,0.46779,29.99595,0.0004,0.00026000000000000003,0.01538,6E-05,93.5876,1
0.0044,0.0071,0.00084,0.00123,0.00044,0.00042,0.00065,0.00044,0,9E-05,0,0.00026000000000000003,2E-05,0.0016300000000000002,0.00193,0.00354,0.00193,0.00084,2E-05,0.41104,25.27562,0.00084,0.0006799999999999999,0.014769999999999997,5E-05,75.05944000000002,1
0.0013,0.00734,0.00078,0.00042,0.00026000000000000003,0.00078,0.00042,0.0006799999999999999,0,0,0,0,7E-05,0.00134,0.00108,0.00466,0.00039,0.00042,0.00029,0.5654,34.19712,0.00078,0.00049,0.01715,0.00013000000000000002,123.64113,1
0.01305,0.00785,0.00015,0.00042,0.00057,0.00035,0.00097,0.0005200000000000001,2E-05,5E-05,0,0.00017,0.00012,0.0029,0.00247,0.00307,0.00155,0.0009,0.0001,0.49568,28.80268,0.00067,0.00102,0.015619999999999997,2E-05,98.53941,1
0.00232,0.00455,0.00028,0.00067,0.00044,0.00065,0.0011,0.00054,2E-05,4E-05,1E-05,0.00021,3E-05,0.0016300000000000002,0.00218,0.00621,0.00173,0.00047,0.00011,0.4404,30.55307,0.0006,0.00058,0.0166,9E-05,98.4736,1
0.00689,0.00318,8E-05,0.00027,0.00022999999999999998,0,0.0008699999999999999,4E-05,0,0,0,0.00053,8E-05,0.0008,0.0013599999999999999,0.00182,0.00201,4E-05,4E-05,0.22841,21.39785,8E-05,0.00057,0.012159999999999999,4E-05,64.08252,0
0.00115,0.007229999999999999,0.00064,0.0007099999999999999,8E-05,0.00093,0.00094,0.0006900000000000001,1E-05,1E-05,2E-05,6E-05,4E-05,0.00282,0.00249,0.0051,0.0008699999999999999,0.0007700000000000001,7E-05,0.59078,27.01722,0.0014199999999999998,0.00073,0.017580000000000002,1E-05,122.73459,1
0.00262,0.00131,0,0,0,0,0,0,0,0,0,0,0,0.00262,0,0.00131,0,0,0,0.2,42.5,0,0,0.01311,0,76.3,0
0.01101,0.00792,0.0002,0.0007099999999999999,0.00049,0.0005099999999999999,0.0007700000000000001,0.00034,3E-05,3E-05,0,9E-05,0.00031,0.00335,0.00194,0.00432,0.00137,0.0007700000000000001,3E-05,0.35622,29.728620000000006,0.00063,0.001,0.01573,0.00017,59.88527,1
0.00374,0.00748,0.00037,0.00125,0.00104,0.00048,0.00104,0.00054,2E-05,2E-05,0,4E-05,8E-05,0.00154,0.00247,0.00376,0.00212,0.00147,0.00023,0.5627,36.22,0.00037,0.00091,0.01406,4E-05,118.2973,1
0.0013599999999999999,0.00259,4E-05,0.00053,8E-05,8E-05,0.00041,0.00016,0,0,0,0.00058,0,0.00066,0.00095,0.00296,0.00049,8E-05,8E-05,0.20976,37.017540000000004,0.00029,0.00041,0.015280000000000004,0.00016,113.72896999999999,0
0.00182,0.00539,0.0006900000000000001,0.00144,0.00046,0.00091,0.00072,0.00031,0,8E-05,1E-05,0.00029,6E-05,0.00144,0.00185,0.00292,0.00213,0.0007700000000000001,0,0.4518,29.69122,0.0007099999999999999,0.00053,0.01623,2E-05,96.07326,1
0.00019,0.00491,0.00053,0.0007599999999999999,3E-05,0.00101,0.00049,0.00082,3E-05,2E-05,1E-05,4E-05,6E-05,0.00124,0.00065,0.0038,0,0.0006,0.00012,0.3444,31.634970000000006,0.00023,0.00035,0.01214,0,106.4213,1
0.00248,0.00672,8E-05,0.00065,0.0005,0.00027,0.0008,0.0005,0,0,0,4E-05,0.00011,0.00168,0.0016,0.00458,0.00237,0.0018,4E-05,0.66154,37,0.00118,0.00061,0.01391,0,145.42778,1
0.005679999999999999,0.0068,0.00011,0.00059,0.00074,0.00043,0.00102,0.0003,4E-05,4E-05,0,0.00011,0,0.00234,0.00234,0.004070000000000001,0.0008,0.00132,0.00039,0.59286,29.58333,0.0006900000000000001,0.00048,0.01517,0,146.03481000000005,1
0.00204,0.00691,0.00057,0.00154,0.0004,0.00067,0.00044,0.0004,0,0,0,0.00013000000000000002,3E-05,0.00161,0.00245,0.00272,0.00137,0.00037,7E-05,0.55924,33.05056,0.0005,0.0004,0.0171,7E-05,118.38492,1
0.0153,0.00639,0.0003,0.00038,0.00038,0.00022,0.00101,0.00036,3E-05,0.00011,8E-05,0.00011,0.00011,0.00287,0.00219,0.00478,0.00107,0.00161,0.00014,0.6512600000000001,29.35463,0.0005200000000000001,0.00126,0.01311,0,134.57353,1
0.01398,0.00621,7E-05,0.00037,0.0004,0.00044,0.00095,0.00047,0,7E-05,4E-05,4E-05,0,0.00365,0.00343,0.00434,0.00095,0.00095,0,0.50871,31.39184,0.0008,0.0005099999999999999,0.0142,0,87.50799,1
0.00412,0.00109,0,0.00036,0,0,0.00023999999999999998,0,0,0,0,0,0,0.00073,0.00036,0.0032700000000000003,0.00061,0.00011999999999999999,0,0.2549,37.85714,0.00023999999999999998,0,0.013680000000000001,0.00036,147.53571000000005,0
0.01071,0.00625,0.00021,0.00072,0.00016,0.00028,0.00063,0.00026000000000000003,5E-05,2E-05,7E-05,0.00021,0.00016,0.00281,0.00181,0.00427,0.00042,0.00128,2E-05,0.51908,35.58892,0.00037,0.00063,0.01623,2E-05,105.01951,1
0.00371,0.00352,0,0.00026000000000000003,0.00022,0.00015,0.0007,7E-05,0,0,0,0.00033,7E-05,0.00047999999999999996,0.00037,0.0020399999999999997,0.00156,7E-05,0,0.26364,35.64286,0.00022,0.00026000000000000003,0.01831,0.00015,184.82877,0
0.00036,0.00182,0,0.00067,0,0.00023999999999999998,0.00023999999999999998,0.0002,0,0,0,0.00039,8E-05,0.00039,0.00028,0.0028399999999999996,0.00016,4E-05,0,0.23789000000000002,39.54098,8E-05,0.00011999999999999999,0.01484,0,109.23706999999999,0
0.00203,0.0075099999999999984,0.0007,0.00062,0.00027,0.00081,0.00056,0.00112,2E-05,0,0,0,0.0001,0.00128,0.00085,0.00466,0.00046,0.00054,0.0008300000000000001,0.55807,31.55663,0.00041,0.0008900000000000002,0.01834,2E-05,129.5496,1
0.0008699999999999999,0.0058,0.00011,0.00184,0.00011,0.00024,0.00059,0.00065,4E-05,0,6E-05,7E-05,7E-05,0.00133,0.00065,0.00289,0.00041,0.00119,4E-05,0.5123300000000001,39.96337,0.00046,0.0008699999999999999,0.01148,0,139.36693,1
0.0018,0.00815,0.00021,0.00095,0.00011,0.00032,0.00127,0,0,0,0.00011,0,0.00032,0.0018,0.00201,0.00265,0.00042,0.00085,0.00021,0.77778,33.7125,0.00106,0.00095,0.0128,0,145.4,1
0.0048,0.00837,0.00027,0.00082,0,0.0005099999999999999,0.0011,0.00096,0,3E-05,3E-05,3E-05,0.0001,0.00158,0.00254,0.00319,0.00158,0.00206,0.0001,0.7285699999999999,35.52941,0.00045,0.00062,0.0132,0,162.00556,1
0.00252,0.01023,0.00035,0.00127,0.00025,0.00043,0.00106,0.00059,0,3E-05,2E-05,6E-05,7E-05,0.0019,0.00143,0.00463,0.0017,0.0011,0.0002,0.57253,37.20994,0.00054,0.00092,0.01228,0,122.24665,1
0.00264,0.0035,0,7E-05,0,0.00026000000000000003,0.0002,0.00046,7E-05,0,0,0,0,0.0004,0.00013000000000000002,0.00561,0,0.00013000000000000002,0,0.55652,45.86957,0.00033,0.00059,0.01598,0,131.65216999999998,1
0.0004,0.00323,0,0.00054,0.0004,0.00013000000000000002,0.0004,0.00013000000000000002,0,0,0,0.0004,0,0.00027,0,0.00364,0,0.00027,0.00067,0.25,36.45833,0.00013000000000000002,0.00013000000000000002,0.00983,0.00013000000000000002,103.13889,0
0.00054,0.0033,0.00039,0.0008,0,0.00043,0.00035,0.00035,0,4E-05,0,0.00026000000000000003,0,0.00201,0.0005,0.0029100000000000003,4E-05,0.00045,9E-05,0.49071,32.27273,0.00037,0.00039,0.01302,0,170.93726999999996,1
0.00412,0.00859,0.00028,0.00093,0.00044,0.00037,0.00114,0.00072,0,0,2E-05,0,7E-05,0.00144,0.00144,0.00403,0.00198,0.0014,0.00033,0.62555,34.27667,0.00028,0.0007,0.01304,5E-05,142.71428999999995,1
0.00014,0.00384,0.00033,0.00016,5E-05,0.0004,0.00026000000000000003,0.00042,0.00014,5E-05,2E-05,0.00037,7E-05,0.00186,0.00209,0.00279,0.00014,0.00123,0.0003,0.45322,28.91827,0.0007700000000000001,0.00114,0.01968,0,115.56989,1
0.00237,0.00337,0,0.00061,0,0.00036,0.00057,7E-05,4E-05,0,0,0.00036,4E-05,0.00043,0.0005,0.0028,0.001,0.00022,0.00011,0.32536,32.11111,0.00011,0.00018,0.01976,0.00043,118.1822,0
0.00013000000000000002,0.00289,0.00056,0.00165,2E-05,0.0005099999999999999,0.0005099999999999999,0.00041,2E-05,2E-05,0,0.00012,8E-05,0.00159,0.0006900000000000001,0.00511,8E-05,0.00111,0.0002,0.5565,38.83007,0.0004,0.00056,0.01575,0,168.50975,1
0.00202,0.0071,0.00057,0.00082,0.00028,0.00044,0.00035,0.00088,3E-05,0,0,0,3E-05,0.00132,0.00095,0.00524,9E-05,0.00107,0.00025,0.5414800000000001,36.02703,0.0006900000000000001,0.0011,0.01587,0,136.65086000000002,1
0.00168,0.007390000000000002,0.0007099999999999999,0.00096,0.00037,0.00059,0.00053,0.00053,3E-05,0,0,3E-05,3E-05,0.0008699999999999999,0.00084,0.00472,0.00016,0.00062,0.00037,0.5102899999999999,31.51675,0.00075,0.00081,0.017490000000000002,3E-05,130.33603,1
0.00014,0.00348,0.00067,0.0006900000000000001,2E-05,0.00047,0.0007099999999999999,0.0004,0,2E-05,0,0.00028,2E-05,0.0019,0.00045,0.00364,6E-05,0.00053,0.00012,0.69397,31.93802,0.00041,0.0005099999999999999,0.01112,2E-05,216.29487000000003,1
0.00093,0.00196,0,0.0005,0.0001,0.0001,0.00033,7E-05,0,0,0,0.0006,0,0.0008300000000000001,0.0004,0.00176,0.0005,7E-05,2.9999999999999997e-05,0.26056,27.11905,0.00036,0.00022999999999999998,0.015319999999999999,0.0002,100.84281,0
0.0004,0.004529999999999999,0.00013000000000000002,0.00157,9E-05,0.00013000000000000002,0.00072,0.00061,2E-05,0,7E-05,0.00025,2E-05,0.00119,0.00049,0.00287,0.00072,0.00094,0.00011,0.59701,40.96552,0.00049,0.00079,0.01233,2E-05,148.4933,1
0.00494,0.00798,0.00049,0.00078,0.00078,0.00029,0.00093,0.00044,5E-05,0.0001,5E-05,5E-05,5E-05,0.00245,0.00171,0.00411,0.00338,0.00108,0,0.62092,31.961540000000007,0.00034,0.00049,0.01233,5E-05,94.59722,1
0.014980000000000004,0.013280000000000002,0.00045,0.0011300000000000001,0.0004,0.00061,0.00016,0.00032,0,0,0,8E-05,0.00032,0.0021100000000000003,0.0023899999999999998,0.00247,0.0039700000000000004,0.00016,8E-05,0.21008000000000002,22.9058,0.0002,0.00016,0.01138,8E-05,43.3193,0
0.0042,0.00498,0.00025,0.0011,0.0008900000000000002,0.00043,0.00093,4E-05,4E-05,0,0,0.00025,0,0.001,0.00075,0.00242,0.00075,0.00064,0.00032,0.39041,40.57534,0.00014,0.00028,0.015619999999999997,0,168.29341000000005,1
0.00045,0.00499,0.00016,0.00151,4E-05,0.00014,0.00059,0.00053,0.0001,0,2E-05,0.00012,2E-05,0.00112,0.00041,0.00345,0.00023,0.001,8E-05,0.6350899999999999,39.93023,0.00055,0.00096,0.01122,0,172.56419,1
0.00173,0.00257,0,0.0006,0,0.00011999999999999999,0.00023999999999999998,0.0002,0,0,0,0.0004,4E-05,0.00036,0.00028,0.00301,0.00056,8E-05,0,0.18534,35.625,0.00011999999999999999,8E-05,0.01616,4E-05,101.95492,0
0.01319,0.01197,0.00025,0.00088,0.00075,0.00072,0.0007700000000000001,0.00025,2E-05,0,0,0.00047999999999999996,0.00025,0.00233,0.00195,0.00233,0.01054,0.00014,0,0.17426,25.16931,0.00032,0.00022999999999999998,0.01013,0.00022999999999999998,32.98881,0
0.00081,0.00615,0.00047,0.00054,0.00022,0.00081,0.00088,0.00063,0,4E-05,2E-05,2E-05,4E-05,0.0027600000000000003,0.00246,0.00446,0.0007700000000000001,0.00047,0.00025,0.6106,36.37,0.0016300000000000002,0.0007,0.02221,0,125.38427,1
0.0056700000000000006,0.0058200000000000005,0.00031,0.0006,0.00026000000000000003,0.0004,0.0007599999999999999,0.0006,0,3E-05,3E-05,0.00014,3E-05,0.00214,0.00103,0.00386,3E-05,0.0017399999999999998,2E-05,0.64317,32.19406,0.00145,0.00078,0.01297,0,127.29386,1
0.00207,0.00207,0,0.0003,0.0001,0.0001,0.00039,0,0,0,0,0,0,0.0003,0.00049,0.00414,0.00049,0.0001,0,0.32432,43.57143,0.00039,0,0.01133,0.0002,128.48101,0
0.00095,0.00234,0.00024,0.0005200000000000001,2E-05,0.00048,0.00095,0.00038,0,0,5E-05,5E-05,2E-05,0.00124,0.0007599999999999999,0.0031,0.00012,0.001,2E-05,0.41176,36.49032,0.00026000000000000003,0.00024,0.01859,0,142.68027,1
0.00609,0.006,0.00045,0.00034,0.00034,0.00079,0.00139,0.0006799999999999999,0,6E-05,0,0.00011,0.00011,0.00286,0.0016699999999999998,0.0028,0.00074,0.00122,0,0.49593,28.96139,0.0007599999999999999,0.0007099999999999999,0.01665,8E-05,90.07398,1
5E-05,0.00677,0.00075,0.00029,3E-05,0.00082,0.00037,0.00097,0,2E-05,4E-05,0.00017,1E-05,0.00093,0.00264,0.00381,0,0.00036,7E-05,0.52036,27.49918,0.00128,0.0003,0.01954,0,122.76426,1
0.00325,0.0040100000000000005,0,0.00065,0.00018999999999999998,0.00037999999999999997,0.0007599999999999999,0.00015,4E-05,0,0,0.00027,0.00033999999999999997,0.0008,0.00065,0.00195,0.00126,0.00022999999999999998,0.00011,0.20740999999999998,35.66176,0.00011,0.00022999999999999998,0.016380000000000002,4E-05,87.30667,0
0.01363,0.006529999999999999,0.00029,0.00029,0.00022,0.00038,0.00101,0.00036,0,0,2E-05,7E-05,0.00016,0.00262,0.00282,0.00412,0.00065,0.0015,0.00013000000000000002,0.6802699999999999,29.69565,0.00081,0.00074,0.01669,0,138.81056,1
0.0042,0.00387,0.00014,0.00022,0.00036,0.00022,0.0005,4E-05,0,0,0,0.00032,7E-05,0.00122,0.00126,0.0022199999999999998,0.00158,0.00039,0,0.27129000000000003,23.14141,0.00036,0.00075,0.01316,0.00011,77.46667,0
0.0004,0.00733,4E-05,0.00294,0,0.00025,0.00044,0.00047,7E-05,0,4E-05,0.00018,7E-05,0.00116,0.0006900000000000001,0.0051600000000000005,4E-05,0.00065,0.00018,0.69565,44.47343,0.0007599999999999999,0.00073,0.01289,0,170.02469,1
0.00715,0.00346,5E-05,0.00055,0.00016,0.00016,0.00044,5E-05,0,0,0,0.00055,0,0.00093,0.0015400000000000001,0.00159,0.00264,5E-05,0,0.28,23.75362,0.00011,0.00016,0.0127,0.00022,73.35484,0
0.00122,0.00843,0.00109,0.0006,0.00014,0.00113,0.00086,0.00073,0,0,1E-05,0.00014,1E-05,0.00262,0.00133,0.004079999999999999,0.00095,0.0006799999999999999,0.00019,0.5284800000000001,28.394440000000003,0.0007599999999999999,0.0007099999999999999,0.0186,1E-05,105.38109,1
0.00186,0.0021100000000000003,9E-05,0.0006900000000000001,0.00016,0.00022999999999999998,0.00045999999999999996,0.00028,2E-05,0,0,0.00021,9E-05,0.00073,0.0008300000000000001,0.00266,0.0015199999999999999,0.00025,0.00018,0.50476,34.905559999999994,0.0003,0.00022999999999999998,0.01517,9E-05,157.82971,0
0.00045,0.00322,0.0004,0.00054,0,0.0004,0.00035,0.00042,0,5E-05,0,0.00028,0,0.00165,0.0004,0.00294,0,0.00061,0.00012,0.5746600000000001,31.47312,0.00019,0.0008699999999999999,0.01317,0,192.36199,1
0.0012,0.00685,0.00095,0.0005099999999999999,0.00073,0.00102,0.0007700000000000001,0.00139,7E-05,4E-05,0,7E-05,4E-05,0.00153,0.00149,0.00583,0.00058,0.0005099999999999999,0.00084,0.6902699999999999,35.77348,0.00091,0.00058,0.02089,0,212.6124,1
0.0023,0.00395,0,0.00056,2.9999999999999997e-05,0.0003,0.0008900000000000002,0.00011999999999999999,0,0,0,0.0003,9E-05,0.0003,0.00027,0.00224,0.0017100000000000001,0.00015,2.9999999999999997e-05,0.31356,40.08511,0.00023999999999999998,0.00021,0.0187,0.00018,202.98203999999998,0
7E-05,0.00727,0.00063,0.00057,8E-05,0.00106,0.00075,0.00064,0,3E-05,4E-05,0.00012,7E-05,0.00158,0.00444,0.00428,1E-05,0.0006900000000000001,3E-05,0.48662,26.35452,0.003,0.00057,0.01935,0,122.40833,1
0.00041,0.00539,5E-05,0.00176,1E-05,0.0003,0.0007,0.00044,5E-05,0,1E-05,0.00014,0.0001,0.00133,0.00066,0.00532,0.00014,0.00036,3E-05,0.55601,43.78571,0.0006,0.00056,0.01053,0,145.18563,1
0.00205,0.00375,0.00046,0.00102,0.00062,0.00043,0.00094,0.00016,5E-05,3E-05,0,0.00011,3E-05,0.00084,0.00046,0.0021,0.00019,0.00146,0.00024,0.55484,41.27536,0.00016,0.00027,0.0142,0,227.68712,1
0.001,0.0024,7E-05,0.00067,7E-05,0.00015,0.00059,0.00018,0,0,0,0.0003,4E-05,0.0008900000000000002,0.0008900000000000002,0.00322,0.00081,0.00015,0.00022,0.40833,40.06494,0.00026000000000000003,0.00018,0.013609999999999999,7E-05,190.47887,0
0.00496,0.0073799999999999985,0.00042,0.00169,0.00085,0.00042,0.00187,0.00048,0,6E-05,0,6E-05,0,0.00139,0.00212,0.00387,0.0026,0.0016300000000000002,0.00024,0.5193800000000001,33.78846,0.00079,0.00079,0.01566,0,98.45238,1
0.00251,0.0075299999999999985,0.00038,0.00198,0.00053,0.00099,0.00049,0.00034,0,4E-05,0,0.00019,0,0.00095,0.00183,0.00251,0.00221,0.00046,0,0.4,27.11538,0.00103,0.00061,0.01389,0,75.52586,1
0.01014,0.0082,0.00018,0.00125,0.00058,0.00033,0.00074,0.00018,0,7E-05,9E-05,2E-05,0.00013000000000000002,0.00325,0.00256,0.00403,0.0013800000000000002,0.00033,4E-05,0.39963,31.16109,0.0005099999999999999,0.0007099999999999999,0.01351,4E-05,74.15041,1
0.00013000000000000002,0.00442,0.00097,0.00088,0,0.0006,0.00047,0.00047,0,6E-05,0,0.00028,4E-05,0.00277,0.00056,0.00369,4E-05,0.00056,0.00011,0.5679,34.44503,0.00045,0.00058,0.01232,0,190.15918,1
0.0018800000000000002,0.0031,0,0.00018999999999999998,0.00018999999999999998,0.00022999999999999998,0.0009699999999999999,0.0001,0,0,0,0.00022999999999999998,5.9999999999999995e-05,0.00022999999999999998,0.0006799999999999999,0.0018800000000000002,0.00165,0.00018999999999999998,0,0.31579,35.98413,0.00016,0.00016,0.018940000000000002,0.0001,195.77848,0
0.00021,0.00385,0.00025,0.0008300000000000001,0,0.0006,0.00046,0.0005,2E-05,0,2E-05,0.00017,0.00012,0.00137,0.001,0.00352,0.00023,0.00031,6E-05,0.5220100000000001,38.91509,0.00027,0.00019,0.01511,0,146.43902,1
0.00763,0.006,0,0.00033,0.00044,0.00011,0.0008699999999999999,0.00022,0,0,0,0.00011,0,0.00055,0.0028399999999999996,0.00316,0.00175,0.00011,0,0.1931,23.58621,0.00011,0.00044,0.00665,0,56.950309999999995,0
0.00483,0.00742,0.00036,0.00121,6E-05,0.00036,0.00036,0.0003,0,6E-05,0,6E-05,0.00012,0.00193,0.00187,0.00296,0.0035,0.0006,0.00012,0.44805,29.03093,0.0006,0.00109,0.01219,6E-05,79.64423000000002,1
0.01051,0.00859,0.00017,0.00061,0.00027,0.00037,0.00096,0.00064,2E-05,7E-05,5E-05,0.00012,0.00029,0.0027,0.00214,0.00331,0.00125,0.00074,2E-05,0.5,29.83155,0.00079,0.00113,0.013330000000000002,0,86.83582,1
0.0067,0.005679999999999999,0.00029,0.00044,0.00049,0.00058,0.00112,0.00049,0,5E-05,5E-05,0.00034,0,0.00247,0.00286,0.00369,0.00126,0.0008699999999999999,0.00029,0.60317,30.169490000000003,0.0006799999999999999,0.00073,0.01494,0.0001,136.48344,1
0.00796,0.0033,0.00023999999999999998,0.00047999999999999996,0.00105,0,0.00064,0,0,0,0,0.0004,0,0.00064,0.00209,0.00137,0.00442,0.00032,0,0.22464,25.42857,0.00016,0.00032,0.01078,0.00023999999999999998,64.42487,0
0.00197,0.00217,0,0.00049,0.0001,0.0001,0.00043,2.9999999999999997e-05,0,0,0,0.00026000000000000003,2.9999999999999997e-05,0.00059,0.0008900000000000002,0.00197,0.00053,2.9999999999999997e-05,7E-05,0.27778,24.20619,0.00033,0.00022999999999999998,0.01555,0.00013000000000000002,113.5,0
0.00015,0.00587,0,0.00079,0,0.00067,0.00028,0.00037,0,9E-05,0,0,6E-05,0.0005200000000000001,0.0022600000000000003,0.006690000000000001,0,0.00073,0,0.5584399999999999,34.567440000000005,0.00061,0.00122,0.01775,0,141.671,1
0.00013000000000000002,0.00299,0.00045,0.00065,0,0.00054,0.00046,0.0005200000000000001,0,2E-05,0,0.00027,0,0.0016699999999999998,0.0003,0.00345,0,0.00037,0.00013000000000000002,0.50602,34.2008,0.00032,0.00027,0.013669999999999998,0,189.51807,1
7E-05,0.00704,0.00044,0.00048,0.0001,0.00043,0.00056,0.0007099999999999999,0,3E-05,2E-05,0.00018,2E-05,0.00113,0.00324,0.00451,0,0.00054,0.00013000000000000002,0.45094,29.34627,0.00209,0.00048,0.02053,0,126.39085,1
0.00536,0.0069,0,0.00091,0.00017,0.00034,0.0005099999999999999,0.00057,0,6E-05,0,6E-05,0,0.00183,0.00251,0.00331,0.00456,0.00148,0.00023,0.4031,33.175,0.00063,0.00086,0.01181,0,85.50731999999998,1
0.01425,0.00658,0.00021,0.00038,0.00034,0.00027,0.00099,0.00038,0,3E-05,0,7E-05,0.00021,0.00301,0.00206,0.004379999999999999,0.00096,0.00134,0.0001,0.5905199999999999,28.94094,0.00038,0.00075,0.01435,3E-05,112.71042,1
0.00041,0.00294,0.00053,0.00157,2E-05,0.00054,0.0005,0.00032,9E-05,0,1E-05,0.00011,4E-05,0.00171,0.00073,0.00507,0.00012,0.00072,0.00018,0.45238,39.14085,0.00034,0.00048,0.01865,1E-05,152.79783,1
0.00033,0.00346,0.00021,0.00078,0.00012,0.00053,0.00062,0.00062,0,0,0,0.00033,8E-05,0.00132,0.00095,0.00366,8E-05,0.00016,4E-05,0.49708,37.49123,0.00041,0.00012,0.0158,0,139.71839,1
0.00247,0.00227,0,0.00086,0.0001,0.00035,0.0003,5E-05,0,0,0,0.0003,5E-05,0.00025,0.00055,0.00252,0.00196,0.00015,0,0.23214,37.67925,0.0004,5E-05,0.01369,0,95.96618000000001,0
0.00976,0.0036799999999999997,0.00015,0.00053,0.00015,0.00015,0.00045,0.00022999999999999998,0,0,0,0.00045,0,0.00105,0.0011300000000000001,0.0011300000000000001,0.00255,8E-05,0,0.2381,25.3125,8E-05,0.00075,0.01404,0.00015,65.93069,0
0.01567,0.00642,0.00034,0.00047,0.0008900000000000002,0.00039,0.0007599999999999999,0.00031,3E-05,3E-05,8E-05,0.0001,0.00016,0.00259,0.00299,0.00367,0.00097,0.00131,3E-05,0.53665,29.99396,0.00042,0.00086,0.015069999999999997,5E-05,91.29426,1
0.00346,0.0028,0,0.0004,5.9999999999999995e-05,0.00037,0.00053,2.9999999999999997e-05,0,0,0,0.00018999999999999998,0.00018999999999999998,0.00053,0.00047000000000000004,0.00252,0.0006900000000000001,9E-05,5.9999999999999995e-05,0.25,48.92473,0.00018999999999999998,0.0005,0.0195,0.00022,103.55806,0
0.00165,0.00101,0,0.00037,0,0,0.00018,0,0,0,0,9E-05,0,0,0.00027,0.00119,0.00119,0.00045999999999999996,0,0.29231,62.333330000000004,0.00027,9E-05,0.013269999999999999,9E-05,138.29113999999998,0
0.00329,0.00392,0,0.00045999999999999996,7E-05,0.00025,0.0012,0.00011,0,0,0,0.00045999999999999996,4E-05,0.00025,0.00074,0.0026899999999999997,0.00131,0.00011,4E-05,0.27523000000000003,40.105259999999994,0.00018,0.00014,0.01672,0.00011,111.78656000000001,0
0.00456,0.00283,0,0.00026000000000000003,0.0001,0.00039,0.00061,0.00013000000000000002,0,0,0,0.00029,0.0001,0.00016,0.0009,0.00173,0.0015400000000000001,0.00016,2.9999999999999997e-05,0.3,43.36145,0.00022,0.00022,0.018369999999999997,0.0001,131.35021,0
0.00186,0.00587,8E-05,0.00118,5E-05,0.00139,0.00063,0.00032,6E-05,2E-05,6E-05,0.00017,6E-05,0.00044,0.00081,0.00444,0.00036,9E-05,0.00153,0.5,33.23708,0.0003,3E-05,0.01416,2E-05,128.19433,1
0.00012,0.0041600000000000005,0.00023,0.00037,1E-05,0.00067,0.00048,0.0006799999999999999,1E-05,1E-05,1E-05,2E-05,3E-05,0.0006900000000000001,0.00029,0.0058200000000000005,0,0.00042,0.0001,0.23969,33.9988,0.00017,0.00019,0.01033,0,72.22466,1
0.00207,0.00996,0.00075,0.00132,0.0004,0.00099,0.00134,0.00078,0,0,9E-05,7E-05,7E-05,0.00343,0.00188,0.00392,0.00078,0.00038,0.00016,0.71044,26.92991,0.00162,0.00096,0.01823,0,129,1
0.00798,0.00503,0.00011999999999999999,0.0004,0.00028,0.00023999999999999998,0.001,0.00032,0,0,0,0.00072,4E-05,0.0018,0.00207,0.00315,0.0012,0.0002,4E-05,0.35200000000000004,24.637929999999997,0.00032,0.0004,0.01273,8E-05,89.51786,0
0.0022600000000000003,0.0033,0,0.00035,0.00016999999999999999,0.00023999999999999998,0.00073,0.00016999999999999999,0,0,0,0.00021,0.00014,0.00023999999999999998,0.00059,0.0017699999999999999,0.0017699999999999999,0.00016999999999999999,0.0001,0.28947,36.10417,0.00023999999999999998,0.00016999999999999999,0.01878,0.00014,178.58385,0
0.00269,0.008459999999999999,0.00066,0.00195,0.00043,0.0007599999999999999,0.0015,0.00053,0,0,2E-05,0.0001,0.00028,0.00338,0.00178,0.00354,0.00176,0.00049,0.00013000000000000002,0.57143,28.0133,0.00122,0.00091,0.01711,2E-05,112.52319,1
0.00048,0.0040100000000000005,0.00024,0.00082,5E-05,0.00064,0.00053,0.00056,0,3E-05,5E-05,0.00016,6E-05,0.00158,0.0008900000000000002,0.004079999999999999,0.00016,0.00023,6E-05,0.4642,41.15415,0.00035,0.00034,0.016130000000000002,0,140.08578,1
0.00503,0.0035700000000000007,0.0007099999999999999,0.00036,0.00095,0.00024,0.00111,0,8E-05,0,0,0.00024,4E-05,0.00079,0.00036,0.00274,0.00032,0.0008699999999999999,0.0002,0.5826100000000001,41.97959,0.00012,0.00044,0.01506,0,205.09756,1
0.0004,0.00271,0.0008,0.00177,0,0.00022,0.00065,0.00022,0,0,0,5E-05,0.00012,0.00157,0.00085,0.00574,0.00012,0.00075,0.00012,0.43066,36.46386,0.00042,0.0007,0.01745,0,144.16128999999995,1
0.00221,0.00302,0,0.0002,0.00013000000000000002,0.00016,0.00101,0.00016,2.9999999999999997e-05,0,0,0.00016,2.9999999999999997e-05,0.00059,0.00075,0.0016899999999999999,0.00172,0.00026000000000000003,0,0.34783000000000003,34.8209,0.00022999999999999998,0.00022999999999999998,0.01883,7E-05,189.82716000000002,0
0.00097,0.007640000000000002,0.00035,0.00047,0.00027,0.001,0.00059,0.00094,0,0,0,6E-05,0.00018,0.0008300000000000001,0.00103,0.004070000000000001,0.0003,0.00059,0.00062,0.55111,30.52427,0.00047,0.0008300000000000001,0.0167,0,144.80768999999995,1
0.007859999999999999,0.00411,4E-05,0.0007,0.00047000000000000004,0.00016,0.0012900000000000001,0.00011999999999999999,0,0,0,0.00022999999999999998,0.00011999999999999999,0.0021899999999999997,0.0018,0.00274,0.00145,0.00022999999999999998,0.00011999999999999999,0.4359,23.08276,8E-05,0.00027,0.0133,0.00022999999999999998,94.36531,0
0.0032600000000000003,0.0037600000000000003,2.9999999999999997e-05,0.00063,0,2.9999999999999997e-05,0.0006,0.00025,0,0,0,0.00028,2.9999999999999997e-05,0.00066,0.0007599999999999999,0.003,0.00035,0.00035,0,0.40686,33.69298,0.00013000000000000002,0.00022,0.01955,0.00018999999999999998,147.73832,0
0.00098,0.00642,0.00104,0.00104,8E-05,0.00104,0.00098,0.00084,1E-05,1E-05,2E-05,0.0001,9E-05,0.00263,0.00125,0.00297,0.00086,0.00063,0.00034,0.50808,27.13059,0.00124,0.00082,0.0212,1E-05,116.21958,1
0.00268,0.0033399999999999997,0,0.00037999999999999997,0.00014,0.00014,0.0011099999999999999,0.00028,0,0,0,0.00021,0.0001,0.00035,0.00037999999999999997,0.0022600000000000003,0.00105,0.00014,7E-05,0.17563,34.33871,0.0001,0.00037999999999999997,0.01895,0.00023999999999999998,93.2013,0
0.004,0.00932,9E-05,0.00131,0.00012,0.00015,0.0012,0.00038,2E-05,2E-05,0,7E-05,0.00014,0.00194,0.0025800000000000003,0.00361,0.00266,0.0017,0.0001,0.56891,33.54372,0.0006900000000000001,0.00088,0.01186,0.0001,121.96646,1
0.01043,0.00715,0.00013000000000000002,0.0007099999999999999,5E-05,0.00034,0.0008699999999999999,0.0004,3E-05,0.00011,0,0.00019,0.00011,0.00302,0.00209,0.00487,0.00079,0.0007099999999999999,3E-05,0.37291,30.60595,0.00045,0.00098,0.01265,3E-05,66.64021,1
0.00031,0.004079999999999999,0.00065,0.00058,0,0.00063,0.00044,0.0005099999999999999,0,3E-05,0,0.00019,7E-05,0.00169,0.00035,0.004079999999999999,5E-05,0.00054,5E-05,0.63667,36.86207,0.00047,0.00045,0.01376,5E-05,189.24752,1
0.013890000000000001,0.01166,0.00014,0.00091,0.00039,0.00063,0.0006,0.00039,0,0,0,0.00058,0.00035,0.00297,0.00235,0.0031100000000000004,0.00797,0.00014,5E-05,0.22376999999999997,23.1453,0.00033,9E-05,0.0105,5E-05,38.19077,0
0.00255,0.0028399999999999996,0,0.0008699999999999999,0.00028,9E-05,0.00033999999999999997,2.9999999999999997e-05,0,0,0,0.00025,0,0.00075,0.001,0.00187,0.00134,0.00016,0,0.27055,23.70175,0.00031,0.00018999999999999998,0.01461,0.00018999999999999998,95.80299000000001,0
0.00103,0.006540000000000001,0.0007,0.00091,7E-05,0.00073,0.00115,0.00057,0,1E-05,5E-05,0.00016,8E-05,0.00214,0.00177,0.00281,0.00146,0.00082,0.00022,0.61277,29.8738,0.0014199999999999998,0.0006900000000000001,0.01879,0,124.70627,1
0.013680000000000001,0.010159999999999999,2E-05,0.0007099999999999999,0.00029,0.00027,0.00021,0.00025,0.0001,0,0,0.00033,0.00031,0.00292,0.002,0.00246,0.00644,0.00013000000000000002,0.00013000000000000002,0.20881999999999998,23.68919,0.00016999999999999999,0.00042,0.00995,0.00022999999999999998,41.08655,0
0.0082,0.0047799999999999995,2.9999999999999997e-05,0.00037999999999999997,0.00041,0.00029,0.00054,0.00025,0,0,2.9999999999999997e-05,0.00029,0.0001,0.0013599999999999999,0.0012699999999999999,0.00323,0.0008900000000000002,0.00018999999999999998,0,0.38591,25.784879999999998,0.00025,0.00025,0.013369999999999998,0.0001,96.25915,0
0.00973,0.00701,0.00021,0.00096,0.00035,0.00032,0.00085,0.00035,0,3E-05,0,3E-05,0.00011,0.00266,0.00213,0.004370000000000001,0.00115,0.00075,0,0.35088,32.75862,0.00048,0.00075,0.01268,5E-05,67.5,1
0.00661,0.0045,0.00012,0.00072,0.00016,0.00044,0.00084,0.00104,0,0,4E-05,8E-05,0,0.00159,0.0016699999999999998,0.00378,0.00143,0.00159,0.00016,0.68269,36.31613,0.00056,0.00123,0.01319,0,190.18182,1
0.00488,0.00743,0.00018,0.00103,0.00038,0.0007,0.0014,0.00029,0,4E-05,0,9E-05,0,0.00254,0.00209,0.00493,0.0007700000000000001,0.00065,0.00022,0.675,29.84778,0.0008300000000000001,0.00058,0.01627,0,153.94737,1
0.00217,0.00227,0,0.00059,0.00015,0.0001,0.00042,5E-05,0,0,0,0.00016999999999999999,5E-05,0.00057,0.00084,0.00217,0.0013599999999999999,0.00011999999999999999,2E-05,0.29915,27.04348,0.00015,0.00025,0.015090000000000001,0.00016999999999999999,99.73153,0
0.00198,0.00757,0.00108,0.00054,0.00018,0.00216,0.00072,0.00072,0,0,0,0.00018,0.00018,0.00198,0.0009,0.00252,0.00018,0.00036,0.00054,0.67857,43.17778,0.00072,0.00036,0.02561,0,191.2069,1
0.00281,0.00424,0,0.00066,2.9999999999999997e-05,0.0003,0.00054,0.00011999999999999999,2.9999999999999997e-05,0,0,0.00021,0.00015,0.00042,0.00063,0.00335,0.00105,0.00018,9E-05,0.30526,30.111109999999996,0.00015,9E-05,0.01789,0.00015,104.93417,0
0.00337,0.0084,0.00031,0.0013800000000000002,0.0007099999999999999,0.0006,0.00144,0.00067,0,0,1E-05,0.0001,6E-05,0.0027,0.00282,0.0032,0.00246,0.00063,0.00016,0.54281,27.09592,0.00065,0.0008699999999999999,0.01454,4E-05,96.45582,1
0.00014,0.00536,0.0007599999999999999,0.00049,2E-05,0.00152,0.00055,0.00064,4E-05,2E-05,0,4E-05,0.00011,0.00144,0.00063,0.00398,0,0.0008699999999999999,0.00026000000000000003,0.33061,29.38161,0.0002,0.00041,0.01516,0,90.65268,1
0.00333,0.0022,0.00028,0.00031,0.0006,0.00038,0.0011,0.00019,0,0,0,0.00013000000000000002,6E-05,0.00041,0.00025,0.00207,0.00022,0.0006900000000000001,6E-05,0.5071399999999999,49.0087,0.00031,0.00016,0.013030000000000002,0,215.18919,1
0.00195,0.0034100000000000003,0,0.00066,0,0.00016999999999999999,0.00093,0.00013000000000000002,0,0,0,0.00016999999999999999,0.00016999999999999999,0.00033,0.00026000000000000003,0.00361,0.00033,0.00013000000000000002,0.00013000000000000002,0.2723,44.375,0.00016999999999999999,0.00013000000000000002,0.01832,0.0001,134.96875,0
0.0017800000000000001,0.0044,0,0.0007099999999999999,7E-05,0.00023999999999999998,0.00064,7E-05,0,0,0,0.00057,0,0.00081,0.0006,0.00232,0.00037,0.0004,2.9999999999999997e-05,0.28839000000000004,31.648940000000003,0.00013000000000000002,0.00027,0.018340000000000002,2.9999999999999997e-05,107.08273,0
0.00187,0.00657,0.00092,0.00095,0.00046,0.00059,0.00102,0.00059,7E-05,0,0,0.00013000000000000002,7E-05,0.00125,0.00118,0.00358,0.00062,0.00053,0.00056,0.63483,30.84577,0.00079,0.0006900000000000001,0.02017,0,155.31633,1
0.0031,0.0024100000000000002,0,0.00043,0.00045999999999999996,0.00036,0.00059,0.0001,0,2.9999999999999997e-05,0,7E-05,7E-05,0.0006900000000000001,0.00049,0.00122,0.0031,0,0,0.18533,36.57627,0.00026000000000000003,0.00033,0.01112,0.00026000000000000003,85.88669,0
0.00372,0.00729,0.0005099999999999999,0.00147,0.00082,0.00143,0.00073,0.00041,0,3E-05,9E-05,0.00017,3E-05,0.0016,0.0021,0.00302,0.00227,0.00031,3E-05,0.35598,25.115820000000006,0.00079,0.00055,0.01465,3E-05,72.32593,1
0.00628,0.006659999999999999,0.00023,0.00047,0.00058,0.00049,0.00096,0.0003,0,2E-05,0,0.00015,0,0.00235,0.00237,0.003820000000000001,0.00107,0.00096,0.00032,0.62069,33.175290000000004,0.0007700000000000001,0.0008300000000000001,0.01599,0,138.16224,1
0.00375,0.007809999999999998,8E-05,0.00047,8E-05,0.00039,0.00055,0.00062,0.00016,0,0,8E-05,8E-05,0.00164,0.00164,0.0022600000000000003,0.00406,0.00133,0.00016,0.44318,34.784620000000004,0.00039,0.00101,0.01069,0,95.61194,1
0.0076799999999999985,0.00402,4E-05,0.00029,0.0004,0.00018,0.00123,0.00011,0,0,0,0.00033,4E-05,0.0008699999999999999,0.0015199999999999999,0.00275,0.00199,0.00014,0,0.26331,25.091739999999998,0.00022,0.00022,0.011770000000000001,0.00011,70.26209,0
0.0035700000000000007,0.0075299999999999985,0.00016,0.00136,0.00015,0.00049,0.00097,0.00065,1E-05,1E-05,1E-05,5E-05,6E-05,0.0017,0.00143,0.00424,0.00186,0.00149,0.00015,0.59165,36.53232,0.00067,0.0008300000000000001,0.01359,3E-05,158.62336000000005,1
0.01535,0.00946,9E-05,0.00088,0.00045999999999999996,0.0002,0.00011,0.00016999999999999999,2.9999999999999997e-05,0,0,0.00043,0.00085,0.00251,0.0021899999999999997,0.0021899999999999997,0.006379999999999999,0.0002,0.00022999999999999998,0.16595,22.253420000000002,0.00011,0.00026000000000000003,0.01102,9E-05,38.54007,0
0.00263,0.00449,0,0.0005099999999999999,0.00018,0.00033,0.00091,0.00036,0,0,0,0.0005099999999999999,0,0.00062,0.0007700000000000001,0.00274,0.00109,0.00026000000000000003,0,0.27338,29.7,0.00011,0.00022,0.0196,7E-05,89.25733000000002,0
0.00132,0.00771,0.00024,0.00102,8E-05,0.00075,0.00075,0.00049,0,0,2E-05,6E-05,0.0001,0.0023,0.0014199999999999998,0.00346,0.0008699999999999999,0.00067,0.00012,0.6645800000000001,27.6927,0.001,0.00112,0.01826,4E-05,136.97214,1
0.0045,0.00748,0.00013000000000000002,0.0006799999999999999,0.00044,0.00036,0.00078,0.00061,0,1E-05,1E-05,1E-05,0.00013000000000000002,0.00176,0.00154,0.0032,0.00182,0.0008900000000000002,0.00031,0.54348,36.11492,0.00053,0.00066,0.0118,1E-05,124.36348999999998,1
0.00216,0.00216,0,0.00045999999999999996,8E-05,4E-05,0.00022999999999999998,0.00011,0,0,0,0.00027,0,0.00027,0.00065,0.00262,0.00061,8E-05,4E-05,0.2,31.156859999999998,0.00033999999999999997,0.00015,0.01648,0.00022999999999999998,104.89641,0
0.0023899999999999998,0.0036899999999999997,0,0.0007700000000000001,0.00015,0.00021,0.00065,0.00023999999999999998,0,0,0,0.00044,0.00011999999999999999,0.00053,0.0003,0.00293,0.00133,0.00027,0.00023999999999999998,0.24911999999999998,32.81176,5.9999999999999995e-05,0.00015,0.01815,0.00018,102.51515,0
0.00396,0.00628,0.0004,0.00133,0.00062,0.00104,0.00082,0.00064,0,5E-05,5E-05,0.00012,0.0001,0.00124,0.002,0.00339,0.00232,0.00044,0,0.50993,28.5,0.00057,0.00027,0.01683,5E-05,102.67513,1
0.00012,0.0026,0.00054,0.00181,2E-05,0.00031,0.00043,0.00027,8E-05,2E-05,2E-05,4E-05,0.00014,0.00171,0.00062,0.0050100000000000006,6E-05,0.00105,0.00016,0.45791,42.52577,0.00047,0.00047,0.017509999999999998,0,161.81333,1
0.009609999999999999,0.00576,0,0.00022,0.00015,0.00022,0.0005200000000000001,0.0003,0,0,0,0.0005200000000000001,0,0.00081,0.0016300000000000002,0.00126,0.0034700000000000004,7E-05,0.00015,0.24064000000000002,20.98611,0.00015,0.00118,0.011309999999999999,7E-05,57.82051,0
0.00246,0.00424,0,0.00058,0.00014,0.00014,0.0008699999999999999,0.00014,0,0,0,0.0005099999999999999,0,0.0008699999999999999,0.00112,0.00232,0.0008699999999999999,0.00029,0,0.2363,28.93827000000001,0.00011,0.00025,0.01987,0.00011,87.42405,0
0.00242,0.00777,0.0002,0.00091,0.00033,0.0002,0.00091,0.0005200000000000001,0,7E-05,7E-05,0,7E-05,0.0016300000000000002,0.00157,0.00346,0.00209,0.0016300000000000002,0.00026000000000000003,0.66667,33.00826,0.00085,0.00072,0.01339,7E-05,111.76642,1
0.01073,0.00773,0.00024,0.00074,0.00042,0.00027,0.00074,0.00027,0,0,0,0.00015,6E-05,0.00244,0.00169,0.00517,0.00184,0.0007700000000000001,0,0.34416,30.13575,0.00036,0.0007700000000000001,0.01316,0,64.35181999999999,1
0.00575,0.00428,0,0.0010199999999999999,0.00023999999999999998,0.00041,0.0020399999999999997,0.00011999999999999999,0,0,0,0.00016,0.0002,0.0009400000000000001,0.0009,0.0027300000000000002,0.0020399999999999997,0.00023999999999999998,0.00045,0.21053000000000002,42.98214,8E-05,0.00029,0.0194,8E-05,88.58123,0
0.00201,0.0024,4E-05,0.00062,0,4E-05,0.00043,0.00031,0,0,0,0.00015,4E-05,0.00058,0.00043,0.00248,0.0007700000000000001,0.00011999999999999999,8E-05,0.24017,32.46154,0.00018999999999999998,0.00022999999999999998,0.015819999999999997,0.00011999999999999999,105.54286,0
0.0027199999999999998,0.0035600000000000002,0,0.00028,0.00014,0.00016999999999999999,0.0008,2.9999999999999997e-05,0,0,0,0.0005200000000000001,2.9999999999999997e-05,0.00056,0.00035,0.00213,0.00262,0.00014,7E-05,0.16279000000000002,32.225809999999996,0.00014,0.0001,0.02017,0.00016999999999999999,146.98973999999995,0
0.0012,0.00913,0.00035,0.00149,0.00024,0.00048,0.00079,0.00059,0,3E-05,0,3E-05,5E-05,0.00225,0.00234,0.00324,0.00177,0.00047,0,0.6398199999999999,25.97461,0.00124,0.00117,0.01395,2E-05,111.84919,1
0.00928,0.00425,1E-05,0.0003,0.00037999999999999997,0.00013000000000000002,0.0009699999999999999,0.00011,0,0,0,0.00041,8E-05,0.00135,0.00151,0.00247,0.00214,0.00018,0,0.26005,23.726779999999998,0.00027,0.00035,0.01369,9E-05,68.28319,0
0.014730000000000004,0.01069,0,0.00082,0.00039,0.00053,0.00043,0.0001,0.00016,0,0,0.00033,0.00039,0.0022,0.0020399999999999997,0.00309,0.007140000000000001,7E-05,0.0001,0.20474,24.18543,0.0002,0.00022999999999999998,0.009640000000000001,0,37.81965,0
0,0.0029100000000000003,0.0006799999999999999,0.00165,0,0.00049,0.00049,0.00039,0.0001,0,0,0,0.00019,0.00204,0.00058,0.00466,0.0001,0.00107,0.0001,0.49153,36.08108,0.0001,0.00049,0.01778,0,171.53333,1
0.00094,0.004379999999999999,0.00031,0.00063,0,0.00047,0.00031,0.00047,0,0,0.00016,0.00031,0.00016,0.00125,0.00031,0.0047,0.00016,0.00063,0,0.39535,36.40909,0.00016,0.00031,0.01612,0,145.18182,1
0.01738,0.00865,0,0.0007700000000000001,0.0007700000000000001,0.00028,0.00035,0.00016999999999999999,0.0001,0,0,0.00059,0.0005200000000000001,0.00234,0.00248,0.0026899999999999997,0.006670000000000001,0.00028,0.00021,0.20135,21.03497,0.00023999999999999998,0.00014,0.01015,0.0001,36.880309999999994,0
0.00426,0.0056700000000000006,0.00035,0.00033,0.0003,0.00081,0.00095,0.00035,0,3E-05,3E-05,8E-05,5E-05,0.00201,0.00141,0.00274,0.00065,0.0016600000000000002,0,0.48753,32.09728,0.00079,0.00062,0.01493,0,96.44241,1
0.00352,0.00586,0.0003,0.00116,0.00037,0.00062,0.00088,0.00013000000000000002,2E-05,9E-05,0,0.00017,4E-05,0.00122,0.00146,0.0031100000000000004,0.0014,0.00116,0,0.4824600000000001,31.72161,0.00037,0.00037,0.013619999999999998,0,115.54342,1
0.0004,0.00678,0.00011,0.00213,0,0.00026000000000000003,0.00053,0.00033,4E-05,0,0,9E-05,7E-05,0.0013800000000000002,0.00057,0.00571,0.00011,0.00057,7E-05,0.5,41.65236,0.00037,0.00066,0.01253,0,152.38796000000005,1
0.01099,0.00713,8E-05,0.0009,0.0007,0.0002,0.00085,0.00031,0,8E-05,0,3E-05,0.00023,0.0027,0.00158,0.00459,0.00149,0.00065,6E-05,0.35741,30.83267,0.00042,0.00065,0.01451,0.00025,61.50953000000001,1
0.00112,0.00703,0.0005200000000000001,0.0008699999999999999,9E-05,0.0008699999999999999,0.00103,0.00086,1E-05,0,1E-05,8E-05,0.00016,0.00237,0.00104,0.00358,0.00042,0.00063,0.00048,0.65209,40.94928,0.00137,0.00075,0.0198,0,156.90519,1
0.0009699999999999999,0.0019399999999999999,0,0.00047000000000000004,0.00011,0.00014,0.00018,7E-05,0,0,4E-05,0.00036,0,0.00093,0.001,0.00215,0.00025,0.00014,0,0.21852,26.190479999999997,0.00025,0.00011,0.01488,4E-05,100.65704000000001,0
0.00759,0.0047,0.00013000000000000002,0.00039,0.00026000000000000003,0.00013000000000000002,0.00082,9E-05,0,4E-05,0,0.0003,4E-05,0.00116,0.00134,0.0028899999999999998,0.00091,0.00022,4E-05,0.43268999999999996,25.795279999999998,9E-05,0.00047000000000000004,0.014740000000000001,9E-05,101.74123,0
0.00704,0.006690000000000001,0.0002,0.0008900000000000002,0.0006799999999999999,0.0005200000000000001,0.00133,0.0003,2E-05,2E-05,0,0.00015,0,0.00259,0.00251,0.00462,0.0008900000000000002,0.00091,0.00026000000000000003,0.65017,29.04396,0.00126,0.00044,0.01754,2E-05,154.15385,1
0.00748,0.00398,5.9999999999999995e-05,0.00027,0.00031,0.00016,0.00058,0.00013000000000000002,0,0,0,0.0002,9E-05,0.0006,0.00139,0.00237,0.00158,2.9999999999999997e-05,1E-05,0.26869,29.21205,0.00013000000000000002,0.00033999999999999997,0.01175,0.00014,89.62651,0
0.00137,0.00914,0.00029,0.00186,4E-05,0.00058,0.00099,0.00165,0,0,0,0,4E-05,0.00215,0.00091,0.00447,8E-05,0.00058,0.00054,0.71233,29.30806,0.00128,0.00099,0.02131,0,162.22148,1
0.00249,0.0034100000000000003,2.9999999999999997e-05,0.00059,0.00021,0.00011999999999999999,0.0008300000000000001,5.9999999999999995e-05,0,2.9999999999999997e-05,0,0.00023999999999999998,9E-05,0.00044,0.0009199999999999999,0.00187,0.00323,9E-05,9E-05,0.23199999999999998,32.92,0.00065,0.00036,0.01227,0.00015,94.21788000000001,0
0.00161,0.0021,0,0.00042,8E-05,4E-05,0.00045999999999999996,4E-05,0,0,0,0.0005,4E-05,0.00037999999999999997,0.00027,0.0028699999999999997,0.00045999999999999996,0,4E-05,0.14146,39.3871,0.00031,0.00015,0.01735,0.00015,122.24298999999999,0
0.00078,0.00536,0.0001,0.00145,0.00011,0.00026000000000000003,0.0008,0.0005200000000000001,0,2E-05,5E-05,5E-05,0.00011,0.00125,0.0006799999999999999,0.0028,0.00054,0.0014,5E-05,0.59053,37.20767,0.0006,0.00062,0.01251,0,157.83548000000005,1
0.00029,0.00426,0.00026000000000000003,0.00048,0.00024,0.00053,0.00029,0.00063,2E-05,2E-05,0,0.00029,0.0001,0.002,0.00185,0.00296,0,0.0007,0.0001,0.5342,29.08475,0.00072,0.00099,0.01734,0,126.77743999999998,1
0.0050799999999999994,0.00325,0,0.00032,5E-05,0,0.00073,0.0005,0,0,0,0.00041,0,0.00577,0.00037,0.0033,5E-05,0.00027,0,0.40284000000000003,26.315440000000002,9E-05,0.00022999999999999998,0.01529,0,103.04717,0
0.00108,0.0016899999999999999,0,0.00075,0,0.00011,0.00061,0,0,0,0,0.00043,0,0.0006799999999999999,0.00036,0.0028399999999999996,0.00086,0.00011,0.00011,0.18644000000000002,41.38182000000001,0.00018,0.00025,0.01707,7E-05,108.26848000000001,0
0.00062,0.00343,0.00012,0.00145,0,5E-05,0.00081,0.0005,0,0,2E-05,7E-05,7E-05,0.00098,0.00048,0.00295,0,0.0006900000000000001,2E-05,0.60569,41.61217,0.00062,0.00143,0.01031,0,170.02024,1
0.00042,0.00404,0.00049,0.0008,0,0.00056,0.00042,0.00036,0,7E-05,0,0.00027,0,0.00233,0.00033,0.00364,0,0.00053,4E-05,0.47984,35.01695,0.00036,0.0004,0.01187,0,181.45161,1
0.00019,0.00449,0.00061,0.00041,2E-05,0.00107,0.00059,0.00078,8E-05,5E-05,1E-05,3E-05,8E-05,0.00141,0.0013,0.00385,0,0.00098,0.0002,0.26839,27.92921,0.00033,0.00049,0.01661,0,86.61999,1
0.0005,0.00358,0.00021,0.00074,5E-05,0.0005200000000000001,0.00059,0.00057,0,0,3E-05,0.0001,3E-05,0.00152,0.00099,0.004079999999999999,0.00033,0.00043,0.00016,0.42588,39.7166,0.00057,0.00033,0.01616,2E-05,129.90337,1
0.0005,0.00349,0.00072,0.0005200000000000001,5E-05,0.0005,0.00038,0.0002,0,5E-05,0,0.00041,0,0.00206,0.0005,0.00356,5E-05,0.00061,9E-05,0.5617,31.6911,0.00032,0.00061,0.01277,2E-05,186.31646,1
0.00022,0.00476,0.00041,0.00042,3E-05,0.00105,0.00047,0.0008300000000000001,2E-05,1E-05,0,2E-05,6E-05,0.0008300000000000001,0.00081,0.00371,0,0.0008900000000000002,0.00011,0.2458,27.79167,0.00029,0.00028,0.01616,0,82.84685999999998,1
0.00439,0.0094,9E-05,0.00104,0.00059,0.00039,0.00091,0.00064,0,4E-05,0,2E-05,0.00016,0.0017399999999999998,0.00328,0.00419,0.00249,0.0005,9E-05,0.61006,32.01567,0.00113,0.00122,0.01354,0,122.99119,1
0.0069700000000000005,0.00442,0.00011,0.00033999999999999997,0.00045,5.9999999999999995e-05,0.00074,0,0,0,0,0.00062,0,0.00079,0.00193,0.0018100000000000002,0.0020399999999999997,0.00011,5.9999999999999995e-05,0.29885,24.0625,0.00028,0.00085,0.0127,5.9999999999999995e-05,83.97619,0
0.01266,0.0076,0.00032,0.00029,0.0006799999999999999,0.00038,0.0012,0.00045,0,7E-05,0,0.00018,0.00011,0.00336,0.00365,0.00487,0.00129,0.00032,0,0.40316,26.21615,0.00099,0.00059,0.01633,2E-05,58.86985,1
0.00245,0.00372,0,2.9999999999999997e-05,0.0001,0.00018999999999999998,0.0007599999999999999,0.00016,2.9999999999999997e-05,0,0,0.00018999999999999998,0,0.00013000000000000002,0.00029,0.00213,0.0007,0.00016,0,0.2659,35.9375,0.00022,0.00016,0.01916,0.0001,165.67895,0
0.00485,0.004529999999999999,0.00011,0.00062,0.00022,0.00029,0.0005099999999999999,0.00018,0,0,0,0.0004,0.00011,0.00141,0.00148,0.00199,0.00148,0.00014,0,0.28902,21.951999999999998,0.00054,0.00033,0.01188,7E-05,71.72726999999998,0
0.00018,0.0039,0.00034,0.001,1E-05,0.00032,0.00134,0.0003,1E-05,0,1E-05,0.00019,4E-05,0.00152,0.0007700000000000001,0.00388,0.00048,0.00062,0.00048,0.3057,34.0864,0.00022,0.00085,0.014,1E-05,107.67054,1
0.0049,0.0059,0.00053,0.00046,0.0006,0.00053,0.00113,0.0008,0,0,0,0,0.0002,0.00205,0.00133,0.00292,0.00093,0.00099,0.0002,0.6078399999999999,34.8785,0.00066,0.00113,0.01823,0,132.34211000000002,1
0.00063,0.00618,4E-05,0.0023,0,0.00048,0.0005200000000000001,0.00036,8E-05,0,0,0,8E-05,0.00155,0.00059,0.00583,4E-05,0.00075,8E-05,0.6159399999999999,43.69872,0.0004,0.00091,0.0128,0,181.48921,1
0.00048,0.00228,0.00058,0.00029,0,0.0007700000000000001,0.00029,0.00024,3E-05,5E-05,3E-05,0.00034,0,0.00188,0.00024,0.00371,0,0.0005,3E-05,0.53757,35.57333,0.00016,0.00042,0.01194,0,218.2659,1
0.00292,0.00175,0,0.00117,0,0,0.00088,0.00029,0,0,0,0,0,0.00029,0.00029,0.00351,0,0,0,0.32558000000000004,25,0.00058,0.00058,0.01141,0,79.51163000000003,0
0.0113,0.00986,0.00023,0.00088,0.0005099999999999999,0.00048,0.00105,0.00042,3E-05,0,0.00011,6E-05,0.0002,0.00317,0.00269,0.005379999999999999,0.00059,0.0007599999999999999,3E-05,0.51125,31.72533,0.0006799999999999999,0.0005099999999999999,0.01363,0,69.21961,1
0.00312,0.0027600000000000003,2E-05,0.00033999999999999997,0.00023999999999999998,0.00014,0.0007,7E-05,2E-05,5E-05,0,0.00016999999999999999,5E-05,0.00058,0.0006,0.00147,0.00365,0,7E-05,0.22726999999999997,38.35955,0.0005,0.00022,0.01235,0.00029,91.04595,0
0.00223,0.006520000000000001,0.00059,0.00102,0.00066,0.00066,0.00086,0.00078,0,0,0,0,0,0.00102,0.00105,0.0043,0.00062,0.0009,0.00055,0.59627,32.89759,0.00043,0.00102,0.01847,0,146.34286,1
0.00217,0.00417,0,0.00057,0.00016999999999999999,7E-05,0.0003,0.00033,0,0,0,0.00053,0,0.00107,0.0003,0.00307,0.00057,0.00053,0,0.28794000000000003,31.82292,0.0001,0.00022999999999999998,0.01952,0.00013000000000000002,110.57933999999999,0
0.00365,0.00747,0.00013000000000000002,0.0009,0.00017,0.0004,0.00109,0.00046,0,0,0,0.0001,0.00013000000000000002,0.00129,0.00239,0.00255,0.00292,0.00189,0.00013000000000000002,0.44922,33.02247,0.0009,0.0006,0.01211,0.00013000000000000002,89.1716,1
0.013669999999999998,0.00861,0,0.0008699999999999999,0.00074,0.00054,0.00015,0.00033,0.00013000000000000002,0,0,0.0006900000000000001,0.00026000000000000003,0.00215,0.0020800000000000003,0.0032,0.0063100000000000005,0.0001,8E-05,0.24700999999999998,21.22747,0.00015,0.00028,0.010440000000000001,5E-05,42.90759,0
0.00233,0.00688,0.00032,0.00126,0.00072,0.0008,0.00086,0.00045,0,3E-05,3E-05,9E-05,0,0.00117,0.002,0.0032700000000000003,0.00196,0.00072,3E-05,0.40828,26.56949,0.0007700000000000001,0.00043,0.01489,1E-05,80.04003,1